Intensity_MaxHR_Pct,Duration_Hours,Training_Effectiveness
0.75,1.302,0.6697
0.98,1.526,0.4264
0.893,2.593,0.4187
0.839,1.152,0.6958
0.662,2.635,0.6315
0.662,0.447,0.2505
0.623,2.375,0.5647
0.946,2.573,0.2745
0.84,0.709,0.6542
0.883,1.405,0.7601
0.608,0.663,0.2276
0.988,2.178,0.3458
0.933,1.699,0.5547
0.685,1.979,0.6674
0.673,0.75,0.3527
0.673,0.793,0.3853
0.722,0.316,0.321
0.81,1.102,0.7271
0.773,1.767,0.7855
0.716,2.602,0.608
0.845,2.067,0.7685
0.656,1.419,0.5781
0.717,2.869,0.4794
0.747,2.214,0.7615
0.782,2.804,0.49
0.914,1.677,0.652
0.68,0.925,0.3999
0.806,0.348,0.4868
0.837,2.233,0.6697
0.619,0.54,0.1209
0.843,1.048,0.7533
0.668,1.691,0.6617
0.626,1.78,0.5016
0.98,1.882,0.4801
0.986,0.666,0.5626
0.923,1.263,0.6666
0.722,1.928,0.6099
0.639,2.915,0.7143
0.874,2.237,0.6514
0.776,2.783,0.5036
0.649,2.334,0.4758
0.798,1.857,0.8297
0.614,0.738,0.1689
0.964,2.067,0.4221
0.704,1.945,0.7022
0.865,1.887,0.6667
0.725,1.571,0.7904
0.808,1.68,0.8779
0.819,1.136,0.81
0.674,1.654,0.6059
0.988,0.753,0.4924
0.91,2.454,0.4575
0.976,0.72,0.5544
0.958,0.438,0.512
0.839,1.421,0.8734
0.969,2.043,0.5
0.635,1.426,0.4675
0.678,0.975,0.5665
0.618,1.763,0.4984
0.73,1.172,0.6414
0.755,2.812,0.4956
0.709,2.783,0.6393
0.931,1.607,0.5445
0.743,1.118,0.7087
0.712,2.264,0.6215
0.817,0.303,0.4582
0.656,1.529,0.5934
0.921,1.142,0.6055
0.63,2.778,0.5683
0.995,0.234,0.6866
0.909,1.748,0.7048
0.679,2.274,0.6408
0.602,1.558,0.3973
0.926,0.439,0.5446
0.883,2.923,0.3193
0.892,1.65,0.7048
0.909,1.92,0.5375
0.63,0.863,0.3443
0.743,1.554,0.7803
0.646,1.402,0.405
0.945,0.41,0.5305
0.849,0.497,0.5311
0.732,2.545,0.5953
0.625,0.871,0.3967
0.724,0.746,0.4999
0.73,1.614,0.7084
0.892,2.352,0.5
0.855,0.373,0.5138
0.955,1.815,0.5007
0.789,0.534,0.5475
0.648,0.302,0.2476
0.885,0.348,0.5445
0.904,2.536,0.4757
0.825,0.53,0.5974
0.908,0.326,0.5215
0.798,1.426,0.9398
0.809,2.563,0.5752
0.771,0.935,0.6116
0.61,1.381,0.4887
0.643,0.312,0.2849
0.613,1.457,0.4259
0.855,1.817,0.729
0.726,1.799,0.7322
0.803,1.131,0.7938
0.963,1.083,0.6215
0.7,0.499,0.3753
0.764,1.227,0.7546
0.902,0.479,0.6426
0.692,2.346,0.5977
0.631,2.906,0.6505
0.716,2.916,0.5232
0.664,2.622,0.5977
0.972,1.882,0.4227
0.923,2.162,0.4713
0.853,0.999,0.6815
0.949,1.966,0.5315
0.921,1.476,0.5866
0.675,1.55,0.557
0.957,2.322,0.4479
0.816,0.989,0.7608
0.923,1.091,0.4982
0.958,2.789,0.1751
0.727,0.357,0.2665
0.644,1.56,0.4682
0.691,2.756,0.4081
0.771,1.909,0.7892
0.927,1.73,0.5185
0.944,0.899,0.5841
0.603,1.161,0.2559
0.804,2.586,0.5597
0.767,1.766,0.7935
0.689,1.641,0.7198
0.648,0.479,0.3051
0.735,0.245,0.3794
0.977,2.898,0.1245
0.729,1.256,0.7838
0.808,1.889,0.7266
0.881,0.423,0.4837
0.745,2.113,0.7189
0.989,2.811,0.2558
0.985,1.812,0.4068
0.701,0.553,0.3575
0.799,1.829,0.7482
0.72,2.346,0.6878
0.714,1.338,0.7131
0.615,2.664,0.6245
0.844,2.016,0.6902
0.801,2.718,0.4771
0.621,1.946,0.4566
0.711,0.568,0.3987
0.963,1.067,0.5036
0.696,0.765,0.3701
0.658,2.745,0.5541
0.796,2.329,0.638
0.994,2.094,0.3013
0.697,1.043,0.5531
0.869,0.715,0.6175
0.905,2.318,0.4553
0.695,1.528,0.6576
0.891,0.832,0.5761
0.747,1.927,0.771
0.853,0.313,0.5258
0.853,1.113,0.6554
0.814,1.512,0.8859
0.636,0.614,0.2051
0.934,2.957,0.211
0.728,0.785,0.5704
0.675,0.565,0.3608
0.616,0.77,0.2569
0.836,2.353,0.5877
0.871,1.391,0.7948
0.607,1.783,0.5127
0.805,0.259,0.4245
0.691,0.296,0.2286
0.858,1.448,0.6729
0.67,2.487,0.5914
0.876,2.679,0.3995
0.755,0.443,0.4921
0.975,1.707,0.4788
0.655,2.757,0.6434
0.736,1.286,0.6753
0.645,2.523,0.6312
0.97,0.574,0.5511
0.951,2.819,0.2488
0.703,2.304,0.5587
0.864,2.836,0.388
0.927,2.095,0.3859
0.822,1.218,0.7697
0.812,2.827,0.4865
0.697,0.972,0.4789
0.637,1.13,0.3485
0.959,2.162,0.4268
0.96,2.343,0.323
0.853,2.802,0.3817
0.736,0.773,0.525
0.74,2.434,0.762
0.89,2.268,0.5817
0.959,0.379,0.6436
0.955,1.284,0.5813
0.912,0.992,0.6347
0.857,1.053,0.5915
0.634,2.952,0.5665
0.665,2.0,0.575
0.959,2.209,0.2753
0.843,2.935,0.3274
0.604,1.256,0.264
0.641,2.445,0.5691
0.865,1.417,0.8016
0.602,2.635,0.6419
0.664,0.706,0.357
0.819,2.854,0.3973
0.877,0.813,0.5361
0.861,1.113,0.6338
0.69,2.317,0.5516
0.885,1.303,0.666
0.695,1.903,0.6574
0.73,1.445,0.6798
0.899,2.279,0.5162
0.86,0.839,0.6389
0.94,0.364,0.5757
0.863,1.04,0.7588
0.827,1.528,0.7674
0.637,0.67,0.2892
0.747,1.193,0.706
0.706,1.32,0.6222
0.698,0.361,0.3447
0.989,1.833,0.4478
0.757,2.676,0.513
0.957,0.625,0.5656
0.852,1.874,0.7598
0.918,2.061,0.5065
0.801,1.374,0.8505
0.831,2.163,0.7054
0.797,1.35,0.9072
0.678,1.613,0.5353
0.889,0.221,0.5295
0.712,2.137,0.6273
0.61,2.052,0.5507
0.858,0.308,0.4403
0.671,1.231,0.5328
0.976,2.941,0.1004
0.982,1.378,0.466
0.966,1.605,0.4262
0.748,2.748,0.5234
0.606,2.208,0.5902
0.971,1.83,0.4407
0.771,2.434,0.6645
0.987,2.62,0.2805
0.985,1.479,0.4945
0.941,1.53,0.54
0.718,1.281,0.6846
0.754,2.907,0.4812
0.94,2.152,0.4071
0.727,0.433,0.304
0.668,2.616,0.623
0.823,1.546,0.8121
0.974,0.393,0.6028
0.878,1.739,0.6594
0.828,1.368,0.8327
0.639,2.658,0.5397
0.846,0.771,0.6279
0.996,2.514,0.2536
0.656,1.762,0.6105
0.807,0.353,0.4819
0.951,2.921,0.0947
0.896,1.635,0.8277
0.879,1.014,0.7639
0.881,1.514,0.7631
0.744,2.602,0.5467
0.717,1.054,0.5823
0.924,0.739,0.5617
0.924,0.561,0.6393
0.947,1.034,0.593
0.965,2.384,0.2657
0.805,1.521,0.8158
0.801,0.837,0.703
0.919,0.665,0.665
0.86,1.132,0.8038
0.881,2.832,0.3833
0.918,1.16,0.6178
0.956,2.967,0.0
0.735,1.559,0.7732
0.75,0.702,0.5231
0.638,2.695,0.587
0.831,1.489,0.8233
0.614,2.187,0.4728
0.786,2.954,0.4918
0.817,0.34,0.5224
0.715,0.471,0.4027
0.836,2.217,0.7088
0.612,0.989,0.3391
0.615,0.716,0.2169
0.929,0.31,0.5656
0.744,0.261,0.3654
0.651,2.369,0.5815
0.809,0.576,0.6049
0.908,1.51,0.689
0.686,1.897,0.7504
0.849,1.399,0.8995
0.634,0.276,0.1589
0.621,2.394,0.3683
0.813,0.229,0.5207
0.816,2.333,0.6154
0.855,2.701,0.3969
0.89,1.412,0.6839
0.99,1.7,0.4089
0.807,1.536,0.8707
0.729,1.29,0.6152
0.918,2.685,0.2604
0.708,2.703,0.5852
0.776,1.14,0.7693
0.631,1.922,0.5679
0.61,2.795,0.5628
0.985,2.894,0.079
0.934,1.625,0.5479
0.878,1.468,0.7456
0.764,0.98,0.7347
0.669,2.885,0.4674
0.663,0.6,0.2884
0.7,1.824,0.6133
0.82,0.991,0.6298
0.886,0.981,0.709
0.864,1.334,0.7831
0.712,2.997,0.5561
0.982,0.354,0.6489
0.895,1.82,0.6254
0.822,0.431,0.4983
0.845,0.633,0.702
0.768,1.431,0.7916
0.699,1.629,0.7083
0.742,0.925,0.598
0.903,1.086,0.5584
0.606,0.444,0.0448
0.646,1.049,0.3711
0.618,2.906,0.6623
0.616,2.845,0.6434
0.942,1.138,0.6327
0.881,1.798,0.6426
0.79,2.747,0.5967
0.639,0.217,0.1014
0.797,2.47,0.6176
0.789,2.855,0.4841
0.669,0.456,0.2618
0.774,0.652,0.6093
0.759,2.89,0.4716
0.846,1.705,0.7223
0.854,0.24,0.5076
0.618,0.921,0.2814
0.75,1.46,0.9471
0.85,2.14,0.6992
0.801,2.253,0.6682
0.943,2.987,0.1299
0.863,1.005,0.5981
0.665,1.707,0.5365
0.628,1.693,0.508
0.857,1.336,0.8403
0.611,0.674,0.2741
0.834,2.937,0.4102
0.976,2.589,0.2086
0.83,1.595,0.8371
0.755,1.889,0.7574
0.857,0.836,0.7372
0.783,1.723,0.8227
0.818,2.146,0.7101
0.977,1.642,0.3583
0.754,2.973,0.4863
0.984,1.912,0.4363
0.962,1.239,0.496
0.678,2.362,0.5614
0.628,0.677,0.2906
0.64,1.277,0.3729
0.607,1.171,0.4016
0.638,1.409,0.445
0.873,2.389,0.4991
0.628,1.556,0.4234
0.728,2.423,0.6461
0.938,1.814,0.6524
0.609,1.158,0.388
0.926,2.468,0.3238
0.713,0.867,0.5644
0.647,0.828,0.3201
0.879,1.613,0.796
0.852,0.93,0.7224
0.951,0.225,0.4409
0.894,2.015,0.5505
0.921,1.631,0.6553
0.713,1.447,0.693
0.671,2.908,0.5177
0.9,1.799,0.6076
0.923,2.618,0.2299
0.996,0.59,0.5781
0.765,1.794,0.92
0.749,2.63,0.6164
0.911,1.833,0.7123
0.736,2.21,0.7326
0.972,1.242,0.5848
0.943,0.459,0.6748
0.772,1.482,0.8355
0.9,1.305,0.6671
0.902,2.628,0.4194
0.641,0.883,0.4121
0.961,2.907,0.1441
0.802,2.883,0.4253
0.931,0.893,0.6017
0.728,1.175,0.6979
0.958,2.708,0.2661
0.756,2.907,0.4356
0.604,1.442,0.5047
0.962,1.099,0.5257
0.637,1.673,0.5032
0.728,2.126,0.6525
0.98,0.966,0.6833
0.98,2.262,0.3215
0.829,0.345,0.4616
0.853,0.338,0.5662
0.779,1.282,0.8246
0.717,1.19,0.6238
0.731,1.084,0.6758
0.869,1.575,0.712
0.901,1.098,0.6316
0.917,0.738,0.4923
0.916,1.067,0.5615
0.636,2.93,0.6869
0.798,1.351,0.8981
0.623,1.445,0.4494
0.82,1.814,0.8943
0.777,2.953,0.4676
0.955,0.876,0.5593
0.74,2.108,0.7213
0.647,2.205,0.5658
0.657,1.901,0.5715
0.905,0.448,0.6222
0.847,2.095,0.6954
0.64,0.379,0.2288
0.634,1.869,0.5862
0.88,2.271,0.567
0.629,0.791,0.2374
0.929,2.557,0.2639
0.882,0.285,0.5441
0.633,2.563,0.5652
0.634,1.489,0.4836
0.995,0.809,0.5556
0.75,0.575,0.6027
0.748,2.869,0.4539
0.925,0.403,0.4688
0.979,0.757,0.5813
0.994,1.174,0.4941
0.901,1.937,0.6189
0.751,1.725,0.823
0.633,0.552,0.2908
0.911,1.011,0.5545
0.823,0.869,0.6409
0.77,0.798,0.6169
0.963,1.351,0.5782
0.644,2.171,0.6788
0.797,0.809,0.6806
0.605,1.227,0.3547
0.787,1.295,0.7524
0.623,2.934,0.5805
0.648,2.873,0.5543
0.647,2.44,0.6067
0.86,0.877,0.674
0.898,0.391,0.4906
0.833,1.087,0.7189
0.985,0.947,0.5902
0.75,1.617,0.8108
0.714,2.378,0.657
0.947,2.603,0.2967
0.689,2.566,0.6661
0.985,1.207,0.5309
0.605,2.124,0.5054
0.988,1.076,0.4849
0.617,0.371,0.161
0.956,2.164,0.2669
0.811,0.228,0.4471
0.997,1.346,0.4746
0.63,1.122,0.3129
0.822,2.141,0.6656
0.988,2.345,0.312
0.809,1.051,0.7442
0.852,2.473,0.5349
0.878,1.023,0.6941
0.782,1.45,0.8278
0.851,2.236,0.6894
0.834,2.14,0.7016
0.96,2.965,0.0817
0.618,0.83,0.3576
0.712,2.054,0.7048
0.98,1.907,0.3748
0.956,2.762,0.1522
0.782,0.638,0.5684
0.848,2.305,0.599
0.711,1.791,0.7861
0.675,0.969,0.4307
0.785,1.528,0.7926
0.741,1.135,0.7194
0.833,1.822,0.8386
0.631,2.689,0.5901
0.99,1.794,0.4456
0.994,1.969,0.3586
0.879,1.652,0.7332
0.814,0.343,0.547
0.724,0.852,0.5592
0.926,1.578,0.5949
0.874,1.069,0.7622
0.665,0.709,0.2201
0.964,1.612,0.6042
0.929,1.104,0.5228
0.98,0.923,0.5199
0.89,1.499,0.7017
0.845,0.573,0.5679
0.767,2.798,0.5721
0.973,2.63,0.1661
0.946,2.181,0.4218
0.618,0.497,0.1542
0.611,2.372,0.5704
0.751,2.462,0.621
0.924,2.35,0.4148
0.995,0.519,0.5633
0.66,2.003,0.5651
0.838,2.536,0.5438
0.752,1.817,0.8368
0.988,2.01,0.3325
0.937,1.483,0.5402
0.935,1.68,0.5929
0.787,0.296,0.4398
0.766,1.989,0.8158
0.709,0.428,0.2987
0.623,1.418,0.3499
0.946,1.019,0.5542
0.925,1.727,0.5436
1.0,0.574,0.582
0.999,2.137,0.2769
0.822,2.426,0.6343
0.908,0.657,0.5737
0.978,0.492,0.5939
0.94,0.607,0.5843
0.699,2.656,0.5848
0.78,1.679,0.8318
0.652,1.508,0.5515
0.982,0.499,0.5474
0.842,2.019,0.7937
0.691,2.63,0.5658
0.869,2.519,0.412
0.847,1.953,0.7443
0.743,0.411,0.3615
0.645,0.515,0.2728
0.869,0.338,0.645
0.808,0.921,0.6446
0.909,0.58,0.5954
0.808,0.928,0.5987
0.941,1.278,0.6099
0.821,2.84,0.4032
0.824,1.909,0.7528
0.951,2.538,0.2349
0.761,2.189,0.7512
0.654,0.515,0.3063
0.612,2.261,0.5459
0.902,0.97,0.5939
0.848,1.99,0.8017
0.882,1.155,0.6605
0.685,2.993,0.4488
0.655,0.938,0.4095
0.606,0.982,0.2392
0.74,2.806,0.5882
0.836,0.269,0.4749
0.757,2.151,0.7535
0.775,2.231,0.7751
0.962,2.542,0.2057
0.739,2.928,0.4893
0.806,2.932,0.44
0.913,0.383,0.64
0.759,2.501,0.5792
0.849,2.01,0.6843
0.945,2.013,0.485
0.98,0.559,0.552
0.659,2.021,0.5961
0.971,2.951,0.0618
0.797,2.753,0.6171
0.703,1.43,0.5877
0.784,0.312,0.4241
0.992,1.214,0.5086
0.797,2.514,0.6857
0.732,2.164,0.6277
0.853,1.486,0.8868
0.696,0.354,0.3334
0.63,1.395,0.4723
0.652,1.513,0.4771
0.651,2.8,0.6077
0.661,1.995,0.5555
0.656,1.073,0.4932
0.856,1.671,0.7254
0.673,0.385,0.2517
0.738,2.923,0.4915
0.959,1.208,0.5077
0.79,1.538,0.8748
0.867,1.195,0.7565
0.669,2.111,0.665
0.677,2.054,0.5314
0.616,2.203,0.5958
0.668,0.951,0.5483
0.711,1.084,0.5602
0.671,0.551,0.397
0.635,2.035,0.5377
0.648,0.311,0.1213
0.784,1.874,0.7954
0.683,2.635,0.6291
0.746,2.694,0.5185
0.801,1.457,0.8036
0.876,1.486,0.7687
0.616,0.416,0.1575
0.92,2.078,0.5393
0.851,2.5,0.5321
0.633,0.885,0.3451
0.949,1.38,0.5418
0.968,2.549,0.2627
0.624,2.656,0.5346
0.711,0.881,0.5723
0.922,1.742,0.5551
0.899,0.739,0.6604
0.674,0.485,0.2767
0.684,2.751,0.578
0.748,2.497,0.5886
0.794,2.328,0.6132
0.847,0.337,0.4307
0.748,2.562,0.5419
0.785,1.427,0.8061
0.899,1.159,0.6777
0.615,1.73,0.5336
0.701,0.456,0.3134
0.885,2.319,0.4731
0.958,1.831,0.4005
0.805,0.722,0.6291
0.813,0.727,0.6818
0.643,0.716,0.3562
0.779,0.36,0.4829
0.813,1.846,0.8425
0.697,2.553,0.6735
0.708,0.249,0.3059
0.751,0.337,0.4273
0.608,1.804,0.468
0.729,2.495,0.542
0.685,1.115,0.4854
0.731,1.179,0.6646
0.648,1.87,0.5647
0.956,0.968,0.6658
0.837,0.275,0.5007
0.872,2.259,0.6322
0.916,1.952,0.5362
0.799,1.826,0.8053
0.635,2.277,0.4954
0.815,2.091,0.701
0.835,0.776,0.6637
0.898,1.187,0.6721
0.773,0.553,0.5504
0.651,0.564,0.2737
0.714,2.093,0.6645
0.745,2.604,0.6915
0.858,2.896,0.3639
0.828,1.959,0.8233
0.742,0.715,0.4937
0.995,0.496,0.6293
0.842,2.476,0.5921
0.695,1.821,0.6781
0.641,1.931,0.4342
0.661,2.388,0.5841
0.698,2.169,0.7082
0.664,2.536,0.6055
0.675,0.357,0.2759
0.714,2.293,0.5592
0.669,2.582,0.5421
0.959,1.001,0.5864
0.632,1.993,0.5635
0.81,1.08,0.8035
0.764,2.882,0.497
0.993,0.294,0.6398
0.645,1.823,0.5525
0.759,0.666,0.4754
0.988,2.194,0.2002
0.946,0.692,0.598
0.927,0.859,0.6048
0.703,1.584,0.6473
0.668,2.762,0.4907
0.867,0.793,0.6654
0.972,0.604,0.5627
0.823,2.325,0.6658
0.829,1.602,0.9188
0.712,2.753,0.4526
0.908,0.611,0.5473
0.675,2.009,0.6081
0.729,0.852,0.6137
0.77,0.639,0.4498
0.803,2.114,0.8368
0.697,1.862,0.6785
0.646,2.314,0.5675
0.844,1.066,0.7173
0.715,1.454,0.672
0.832,1.335,0.8541
0.662,2.955,0.5231
0.792,1.018,0.7287
0.813,1.025,0.705
0.621,1.193,0.3428
0.735,1.781,0.8905
0.654,0.907,0.396
0.625,2.763,0.6205
0.996,0.944,0.5973
0.729,2.708,0.4915
0.924,0.49,0.6598
0.702,2.038,0.5431
0.873,2.74,0.352
0.904,0.672,0.5684
0.838,2.911,0.4284
0.789,1.468,0.8416
0.765,2.848,0.5031
0.74,2.095,0.7198
0.972,1.044,0.5004
0.932,0.727,0.5083
0.986,1.05,0.5717
0.65,0.46,0.2675
0.892,0.603,0.6637
0.975,0.493,0.5456
0.672,1.384,0.5924
0.627,2.428,0.5509
0.896,0.596,0.6423
0.83,0.565,0.6172
0.937,2.002,0.4964
0.656,0.752,0.3148
0.918,0.473,0.6181
0.681,0.667,0.3929
0.665,2.786,0.5383
0.666,2.5,0.5145
0.926,1.191,0.6028
0.866,2.036,0.7432
0.809,1.704,0.8924
0.744,2.096,0.6693
0.951,2.111,0.3596
0.757,1.96,0.8359
0.927,0.945,0.5456
0.776,0.309,0.453
0.751,1.476,0.751
0.785,2.695,0.6174
0.721,1.795,0.6908
0.899,2.531,0.4645
0.801,2.977,0.4483
0.693,0.658,0.3977
0.96,2.137,0.2905
0.754,2.088,0.6273
0.817,2.944,0.4124
0.963,2.96,0.1646
0.85,2.123,0.6166
0.647,0.882,0.2966
0.976,2.436,0.2966
0.851,0.5,0.5861
0.734,2.386,0.6333
0.656,2.749,0.6153
0.918,1.272,0.5777
0.848,1.966,0.7116
0.813,1.404,0.9078
0.958,1.426,0.5453
0.915,1.069,0.6351
0.661,2.334,0.7005
0.725,2.821,0.4743
0.699,2.834,0.5957
0.898,0.689,0.6802
0.613,2.649,0.5676
0.828,2.265,0.6983
0.905,0.908,0.5753
0.951,0.388,0.5459
0.737,0.95,0.6152
0.929,2.754,0.3122
0.644,1.973,0.6175
0.939,2.219,0.4954
0.651,0.92,0.3692
0.759,2.214,0.7651
0.919,0.279,0.5447
0.66,1.251,0.5362
0.692,1.955,0.6661
0.889,0.609,0.6082
0.888,2.504,0.4627
0.856,0.858,0.5772
0.878,2.026,0.5852
0.817,1.335,0.817
0.701,1.869,0.5956
0.738,0.501,0.467
0.673,0.247,0.2643
0.963,2.747,0.2219
0.833,0.955,0.6421
0.76,2.495,0.6832
0.785,2.998,0.5583
0.979,0.792,0.5694
0.661,0.942,0.43
0.834,2.056,0.7348
0.802,2.903,0.4823
0.845,2.764,0.4279
0.607,1.608,0.4469
0.949,2.426,0.3734
0.973,0.58,0.6955
0.826,2.937,0.3418
0.879,2.9,0.3242
0.969,0.658,0.5134
0.883,1.038,0.7554
0.661,0.48,0.2313
0.831,0.961,0.6287
0.843,2.485,0.5734
0.77,1.259,0.855
0.895,0.448,0.5953
0.974,1.158,0.5489
0.97,2.948,0.1616
0.78,1.963,0.86
0.645,1.365,0.4366
0.994,0.666,0.5672
0.936,2.961,0.1799
0.65,2.498,0.5165
0.968,0.988,0.5398
0.948,0.396,0.6343
0.808,0.359,0.5133
0.837,0.537,0.5935
0.76,1.826,0.8058
0.622,2.801,0.6215
0.734,1.591,0.7183
0.921,2.56,0.3319
0.602,1.448,0.4156
0.733,2.184,0.7056
0.759,2.249,0.7103
0.815,0.687,0.592
0.968,1.211,0.5235
0.739,1.984,0.9007
0.739,0.398,0.4374
0.895,1.212,0.7014
0.781,1.697,0.8208
0.69,2.989,0.5307
0.781,1.529,0.8246
0.656,2.485,0.5924
0.671,1.41,0.4633
0.799,2.43,0.5416
0.768,1.867,0.7692
0.966,2.682,0.2286
0.745,1.351,0.7341
0.832,1.892,0.852
0.853,1.964,0.6456
0.605,1.369,0.356
0.865,0.604,0.663
0.671,0.462,0.2828
0.984,0.247,0.662
0.659,2.646,0.6784
0.766,0.862,0.581
0.634,0.792,0.2919
0.999,2.261,0.2611
0.801,1.096,0.6471
0.838,1.617,0.7963
0.627,0.655,0.287
0.9,2.887,0.3186
0.684,2.584,0.6122
0.959,2.619,0.2303
0.682,1.339,0.5417
0.676,2.335,0.6633
0.615,0.603,0.1806
0.789,0.224,0.4395
0.826,0.256,0.4887
0.626,1.842,0.592
0.91,1.475,0.7015
0.781,1.65,0.7698
0.81,0.221,0.3936
0.776,1.384,0.8353
0.76,2.211,0.7038
0.824,1.44,0.8008
0.662,2.25,0.6403
0.673,0.852,0.4129
0.945,2.477,0.3242
0.978,1.848,0.4614
0.749,0.79,0.5383
0.708,0.863,0.5736
0.858,1.958,0.6718
0.763,2.524,0.6371
0.61,1.364,0.4737
0.662,0.923,0.332
0.886,2.628,0.3835
0.864,2.074,0.7176
0.611,1.455,0.4817
0.689,1.566,0.6274
0.692,0.772,0.3867
0.869,1.955,0.7339
0.608,1.204,0.4176
0.642,2.988,0.5378
0.92,1.545,0.5615
0.671,1.56,0.5982
0.861,1.784,0.7779
0.695,2.767,0.5484
0.64,2.442,0.6047
0.697,1.463,0.6087
0.889,2.212,0.4418
0.942,1.841,0.4899
0.932,1.579,0.5889
0.759,0.738,0.5396
0.867,1.499,0.7012
0.682,0.888,0.3472
0.717,2.762,0.5313
0.959,1.139,0.6061
0.605,2.866,0.6785
0.634,1.693,0.5739
0.683,1.968,0.596
0.611,1.72,0.4167
0.673,0.562,0.3341
0.833,1.252,0.8163
0.769,0.478,0.4899
0.957,1.944,0.3471
0.927,1.451,0.5675
0.737,2.378,0.6423
0.704,0.817,0.4916
0.752,0.661,0.5485
0.836,1.338,0.8054
0.707,2.794,0.5729
0.85,2.189,0.6522
0.764,1.373,0.8212
0.821,1.648,0.8469
0.774,0.436,0.4679
0.718,2.957,0.5185
0.979,2.066,0.3694
0.905,0.999,0.6609
0.656,1.84,0.5902
0.947,0.507,0.5954
0.795,2.904,0.5324
0.958,0.689,0.5864
0.92,2.014,0.4958
0.77,0.887,0.6771
0.609,2.209,0.4692
0.707,2.375,0.5692
0.817,2.086,0.755
0.853,1.921,0.7574
0.703,2.699,0.5068
0.656,0.42,0.2142
0.934,1.127,0.5702
0.994,0.895,0.5225
0.81,2.966,0.4757
0.669,1.29,0.5603
0.709,2.251,0.6468
0.607,2.117,0.4986
0.966,0.794,0.4993
0.647,0.869,0.4193
0.831,0.988,0.7398
0.71,1.351,0.621
0.822,0.856,0.7001
0.861,0.255,0.5115
0.932,2.662,0.2779
0.683,2.904,0.5831
0.604,1.156,0.3019
0.655,1.148,0.432
0.96,0.22,0.6033
0.95,2.105,0.3984
0.839,2.511,0.5707
0.84,0.611,0.6783
0.866,0.647,0.5593
0.67,2.412,0.505
0.966,1.926,0.3315
0.768,0.326,0.4118
0.753,1.943,0.7378
0.808,1.065,0.7473
0.619,1.232,0.3938
0.667,2.355,0.5086
0.895,2.471,0.3463
0.633,1.321,0.4555
0.841,2.852,0.4184
0.698,1.338,0.5993
0.756,2.361,0.5738
0.715,1.555,0.7322
0.742,2.713,0.6213
0.888,2.742,0.3738
0.719,0.445,0.326
0.827,2.822,0.4467
0.79,2.511,0.5273
0.865,2.416,0.578
0.975,0.763,0.5695
0.893,2.454,0.3597
0.686,2.58,0.5669
0.612,1.01,0.3382
0.705,2.866,0.5331
0.838,0.34,0.4972
0.621,0.62,0.1596
0.799,1.705,0.866
0.839,1.812,0.7532
0.734,2.006,0.6224
0.908,0.248,0.5345
0.643,2.889,0.6376
0.63,0.325,0.1403
0.891,0.601,0.6712
0.798,0.239,0.4634
0.875,1.787,0.7276
0.774,2.81,0.5061
0.699,2.065,0.6565
0.928,2.503,0.3381
0.92,0.237,0.5467
0.878,1.718,0.743
0.709,1.487,0.6342
0.836,1.597,0.7618
0.744,0.402,0.3471
0.637,2.116,0.6596
0.967,1.609,0.5226
0.655,2.342,0.5947
0.98,1.559,0.4245
0.778,0.618,0.5671
0.674,2.015,0.611
0.817,0.683,0.6091
0.949,2.643,0.2134
0.893,1.917,0.6404
0.923,0.64,0.5603
0.864,2.895,0.3211
0.877,1.651,0.7645
0.94,0.404,0.4976
0.7,1.955,0.7014
0.796,0.909,0.7059
0.688,2.45,0.5535
0.995,2.49,0.1767
0.978,2.941,0.1183
0.616,1.605,0.4775
0.882,1.474,0.7167
0.97,2.31,0.3384
0.672,0.571,0.3996
0.827,1.731,0.7908
0.966,1.729,0.3891
0.614,0.451,0.2042
0.879,1.37,0.8131
0.719,2.589,0.607
0.97,2.597,0.18
0.988,0.478,0.5865
0.978,0.454,0.5336
0.79,0.936,0.7089
0.945,2.649,0.2015
0.938,0.561,0.5605
0.728,2.216,0.6271
0.932,0.483,0.5793
0.615,1.945,0.495
0.839,1.197,0.7758
0.692,2.409,0.6065
0.648,0.854,0.2966
0.631,1.99,0.5721
0.879,0.86,0.6401
0.736,2.198,0.6414
0.89,2.646,0.4993
0.626,0.555,0.2374
0.726,2.626,0.5723
0.816,1.862,0.8757
0.916,0.556,0.6683
0.728,1.397,0.7075
0.85,0.65,0.6157
0.954,2.161,0.3457
0.846,2.325,0.5927
0.693,0.496,0.3223
0.61,1.617,0.464
0.948,2.481,0.3297
0.609,2.821,0.6349
0.95,1.638,0.5432
0.812,2.861,0.3941
0.976,1.7,0.4132
0.92,1.304,0.6055
0.999,2.575,0.1733
0.74,1.58,0.8243
0.907,1.521,0.6006
0.761,1.573,0.7917
0.792,2.571,0.6206
0.851,2.529,0.4936
0.949,1.33,0.5901
0.994,1.133,0.5119
0.907,1.577,0.6662
0.767,1.804,0.7987
0.769,0.867,0.6557
0.895,2.423,0.3776
0.696,1.562,0.6362
0.644,1.135,0.4342
0.742,0.499,0.4582
0.715,0.869,0.5881
0.719,2.858,0.5232
0.693,1.054,0.5987
0.617,0.673,0.1958
0.607,1.49,0.4911
0.995,1.06,0.5678
0.771,0.298,0.3714
0.754,1.105,0.7053
0.872,1.724,0.7283
0.687,1.745,0.6786
0.98,1.198,0.5155
0.915,1.452,0.6272
0.636,2.903,0.6634
0.767,1.257,0.7578
0.952,0.923,0.6157
0.978,0.882,0.5445
0.787,1.482,0.9148
0.845,2.327,0.5671
0.667,0.777,0.3337
0.996,2.186,0.3759
0.693,0.259,0.2403
0.977,1.373,0.5913
0.86,2.372,0.5988
0.843,1.148,0.7427
0.805,1.778,0.7364
0.692,0.774,0.4229
0.671,2.278,0.6029
0.688,0.346,0.336
0.675,2.587,0.6587
0.912,0.755,0.5637
0.74,2.648,0.6136
0.623,1.187,0.4231
0.988,2.224,0.3595
0.954,1.094,0.5949
0.971,2.737,0.0963
0.998,0.555,0.5799
0.67,0.7,0.288
0.758,1.58,0.7963
0.903,0.429,0.6118
0.878,0.749,0.6327
0.662,2.843,0.6322
0.926,2.934,0.2444
0.69,1.254,0.5099
0.69,2.785,0.4373
0.815,1.726,0.8366
0.837,0.955,0.6865
0.832,2.167,0.639
0.637,2.045,0.4677
0.951,2.97,0.1345
0.706,0.942,0.5092
0.652,2.082,0.6107
0.955,0.346,0.5946
0.982,0.518,0.6663
0.945,0.211,0.5318
0.924,2.998,0.2603
0.862,2.446,0.5222
0.82,2.403,0.6439
0.635,1.627,0.4839
0.763,1.04,0.737
0.749,0.624,0.5053
0.704,0.997,0.4986
0.889,1.253,0.6958
0.798,2.318,0.6534
0.632,1.711,0.5378
0.688,0.417,0.2383
0.873,0.25,0.5239
0.63,0.487,0.2227
0.94,1.349,0.5866
0.798,2.813,0.554
0.792,1.985,0.8236
0.837,2.445,0.5668
0.93,1.506,0.6102
0.739,1.213,0.71
0.871,0.504,0.5855
0.826,2.653,0.4109
0.707,2.393,0.6045
0.951,0.671,0.5004
0.919,1.634,0.6784
0.863,1.565,0.7636
0.94,1.95,0.4804
0.947,2.849,0.2545
0.883,1.823,0.7029
0.935,1.713,0.5013
0.879,0.341,0.5376
0.872,0.376,0.5256
0.847,0.725,0.5328
0.901,0.291,0.5155
0.663,2.281,0.5804
0.952,2.225,0.3754
0.949,0.581,0.5014
0.612,2.541,0.6307
0.93,0.633,0.574
0.652,1.043,0.4129
0.734,0.897,0.5888
0.897,1.242,0.6391
0.664,0.913,0.4253
0.927,1.569,0.5815
0.933,1.341,0.5573
0.803,2.962,0.4686
0.603,0.357,0.1943
0.715,0.598,0.4487
0.847,0.348,0.5665
0.992,1.952,0.3424
0.853,0.353,0.4455
0.704,2.542,0.667
0.854,1.633,0.8864
0.816,1.676,0.9106
0.912,1.772,0.5944
0.643,0.678,0.2234
0.904,0.754,0.5493
0.817,1.093,0.663
0.985,1.862,0.3995
0.737,0.788,0.6118
0.853,0.526,0.558
0.973,2.916,0.1594
0.641,0.262,0.2331
0.975,2.448,0.2469
0.875,2.406,0.6095
0.627,1.032,0.4512
0.72,0.58,0.411
0.883,0.608,0.5574
0.627,2.153,0.5829
0.833,2.0,0.7284
0.738,2.392,0.5829
0.848,2.825,0.472
0.618,2.137,0.5991
0.949,0.636,0.5833
0.989,0.882,0.4868
0.988,2.558,0.1506
0.9,0.786,0.6163
0.652,0.403,0.1964
0.903,2.169,0.5082
0.61,1.327,0.4437
0.609,2.776,0.6376
0.729,2.021,0.7903
0.795,0.453,0.4493
0.908,2.854,0.2674
0.873,0.924,0.7004
0.778,1.144,0.7653
0.709,1.326,0.7269
0.999,0.343,0.6386
0.77,1.59,0.9167
0.781,0.545,0.5386
0.665,1.323,0.5772
0.918,1.182,0.6162
0.877,2.364,0.5193
0.688,2.449,0.6434
0.633,0.63,0.3284
0.872,1.226,0.7628
0.862,1.245,0.7429
0.709,0.624,0.4787
0.98,2.436,0.15
0.66,2.18,0.518
0.773,0.733,0.6078
0.977,1.227,0.5279
0.768,0.496,0.5057
0.855,1.959,0.7193
0.759,0.54,0.5052
0.71,2.961,0.4974
0.994,2.386,0.2779
0.764,1.293,0.8174
0.958,1.82,0.5377
0.692,2.752,0.6667
0.685,1.751,0.6544
0.612,0.689,0.239
0.861,1.26,0.675
0.747,2.561,0.5686
0.946,2.004,0.4517
0.789,2.022,0.8269
0.987,2.627,0.1633
0.674,2.703,0.6125
0.947,2.775,0.2283
0.911,0.466,0.5589
0.908,1.724,0.643
0.938,2.273,0.3816
0.904,2.319,0.4483
0.85,1.899,0.6579
0.652,0.667,0.2859
0.613,2.433,0.5381
0.968,2.216,0.3215
0.847,0.441,0.5621
0.919,1.499,0.6623
0.793,0.687,0.5917
0.647,1.145,0.4786
0.65,0.251,0.2072
0.874,1.321,0.7198
0.772,1.74,0.7989
0.68,1.935,0.6474
0.797,2.058,0.7904
0.626,2.542,0.6426
0.833,0.803,0.7062
0.708,0.537,0.3488
0.919,2.584,0.3392
0.724,0.639,0.4804
0.782,2.929,0.5282
0.605,2.559,0.6232
0.629,1.602,0.486
0.757,2.948,0.435
0.792,0.473,0.451
0.84,1.049,0.7388
0.717,1.987,0.7209
0.878,1.18,0.6535
0.944,2.799,0.2307
0.912,0.384,0.5939
0.616,1.738,0.4285
0.792,1.854,0.8716
0.642,2.028,0.5413
0.697,0.916,0.5486
0.995,1.221,0.4796
0.657,2.562,0.525
0.8,0.746,0.5869
0.847,2.515,0.5163
0.881,1.775,0.6785
0.824,2.334,0.6218
0.604,2.198,0.55
0.731,0.781,0.5066
0.807,1.793,0.8209
0.635,2.63,0.4914
0.74,1.41,0.768
0.613,2.906,0.6093
0.631,1.466,0.5497
0.759,0.6,0.4514
0.653,1.29,0.392
0.827,2.865,0.4619
0.876,1.095,0.7144
0.92,2.631,0.2762
0.68,2.668,0.4973
0.667,1.181,0.568
0.642,0.433,0.2809
0.855,2.229,0.4977
0.883,1.072,0.6593
0.613,2.392,0.6417
0.974,1.439,0.4828
0.621,1.559,0.4398
0.817,2.378,0.6097
0.884,1.271,0.6538
0.948,1.441,0.4749
0.886,1.253,0.7569
0.921,1.229,0.5363
0.736,1.673,0.7782
0.926,2.465,0.4124
0.632,1.213,0.3384
0.958,1.668,0.46
0.819,2.078,0.7991
0.927,0.954,0.6297
0.781,0.977,0.6528
0.857,2.814,0.4555
0.811,2.226,0.7522
0.893,1.816,0.671
0.633,2.014,0.5001
0.624,0.282,0.1176
0.699,1.931,0.687
0.664,1.627,0.5662
0.949,1.728,0.5652
0.688,1.206,0.4791
0.99,0.428,0.5248
0.735,0.741,0.5175
0.673,2.862,0.5435
0.916,1.344,0.6101
0.863,1.507,0.6787
0.799,0.348,0.4727
0.822,0.305,0.4848
0.888,2.208,0.5854
0.691,1.707,0.6595
0.999,1.624,0.4259
0.99,0.881,0.6091
0.86,2.285,0.5225
0.68,0.671,0.3867
0.872,0.732,0.5325
0.629,1.49,0.426
0.612,1.002,0.2515
0.703,0.893,0.5323
0.785,2.007,0.7752
0.947,2.023,0.4515
0.891,2.509,0.3779
0.897,1.37,0.6718
0.77,0.405,0.4097
0.738,0.966,0.6247
0.748,2.944,0.4572
0.995,1.87,0.4508
0.616,2.187,0.4566
0.947,0.221,0.5446
0.831,1.651,0.9034
0.775,0.305,0.4041
0.89,1.794,0.6033
0.795,2.778,0.5117
0.949,2.912,0.1649
0.96,1.714,0.4503
0.769,1.483,0.7578
0.711,2.846,0.6876
0.837,2.086,0.6974
0.965,0.382,0.4921
0.684,1.504,0.6891
0.849,0.873,0.6964
0.853,1.515,0.7508
0.893,1.475,0.65
0.653,1.83,0.6024
0.886,1.199,0.6837
0.964,0.66,0.4764
0.672,1.61,0.6846
0.695,2.525,0.5697
0.989,2.059,0.4235
0.672,1.147,0.5602
0.942,2.819,0.1773
0.797,2.754,0.5574
0.699,0.786,0.4114
0.948,0.31,0.4883
0.778,2.276,0.6676
0.806,2.517,0.5999
0.744,2.91,0.4937
0.837,2.692,0.4561
0.665,1.881,0.6565
0.756,1.684,0.8103
0.988,0.278,0.5744
0.703,0.891,0.5279
0.863,1.487,0.7788
0.73,1.96,0.6059
0.909,1.76,0.6424
0.652,2.279,0.5978
0.988,0.983,0.5416
0.782,1.782,0.8695
0.694,0.447,0.2857
0.629,1.358,0.4577
0.668,2.3,0.5148
0.808,2.142,0.7465
0.735,2.974,0.6131
0.932,0.978,0.5485
0.772,1.595,0.7882
0.699,1.123,0.5278
0.847,1.434,0.802
0.883,2.599,0.3651
0.667,2.116,0.6219
0.667,2.671,0.617
0.615,0.77,0.2789
0.895,2.645,0.2885
0.866,0.367,0.587
0.79,2.688,0.5811
0.938,1.121,0.636
0.922,1.081,0.6371
0.834,1.634,0.8278
0.947,2.834,0.2646
0.682,0.334,0.3588
0.645,1.186,0.3868
0.708,2.598,0.6382
0.623,1.309,0.4104
0.812,0.758,0.6172
0.975,1.389,0.436
0.616,1.28,0.3783
0.649,2.763,0.5289
0.781,2.333,0.6441
0.974,1.614,0.4258
0.726,2.967,0.5009
0.803,1.503,0.8179
0.617,0.363,0.1503
0.659,0.934,0.316
0.995,1.421,0.4037
0.986,0.639,0.5928
0.602,2.853,0.5763
0.981,2.347,0.3382
0.856,0.951,0.6964
0.947,1.854,0.5258
0.782,2.22,0.7794
0.806,2.836,0.4539
0.796,2.669,0.5063
0.867,1.643,0.7974
0.656,2.369,0.6054
0.612,1.774,0.4761
0.723,1.748,0.8068
0.882,0.521,0.5599
0.681,0.553,0.3255
0.869,1.683,0.7439
0.988,0.953,0.4968
0.638,0.259,0.1609
0.869,2.224,0.6625
0.778,0.291,0.4475
0.947,1.867,0.4937
0.671,1.71,0.5945
0.877,2.913,0.3456
0.935,1.556,0.6178
0.978,0.378,0.6278
0.873,1.745,0.7071
0.799,2.555,0.5888
0.847,2.991,0.3866
0.948,1.405,0.515
0.828,1.097,0.7545
0.612,2.739,0.4859
0.972,0.735,0.5919
0.876,1.923,0.7102
0.871,1.336,0.7809
0.686,0.315,0.2452
0.864,1.172,0.7463
0.758,0.943,0.7061
0.86,2.121,0.7216
0.643,2.857,0.585
0.863,0.951,0.6856
1.0,2.472,0.2704
0.619,0.355,0.0727
0.991,1.707,0.4126
0.763,0.398,0.5008
0.948,2.815,0.2648
0.913,2.346,0.4578
0.827,2.042,0.6653
0.895,2.507,0.4214
0.951,2.013,0.4147
0.762,2.913,0.5167
0.731,2.199,0.6445
0.867,2.789,0.3336
0.923,1.648,0.4971
0.905,0.528,0.6344
0.919,1.679,0.5872
0.774,0.555,0.5141
0.927,1.859,0.5488
0.648,1.551,0.4708
0.818,1.943,0.7191
0.602,0.228,0.0364
0.73,0.746,0.4634
0.747,1.576,0.8028
0.758,2.861,0.474
0.878,1.274,0.8091
0.755,1.388,0.8271
0.779,2.201,0.756
0.695,1.891,0.6602
0.749,1.037,0.7319
0.691,1.35,0.5918
0.629,0.81,0.2904
0.841,2.905,0.4043
0.867,0.566,0.6131
0.848,1.241,0.7985
0.785,0.272,0.4081
0.752,0.821,0.5479
0.945,2.385,0.3806
0.808,0.763,0.6587
0.792,0.424,0.4652
0.61,1.528,0.3585
0.736,0.228,0.3277
0.752,0.437,0.46
0.76,2.461,0.7155
0.832,2.36,0.5498
0.813,2.762,0.4611
0.843,2.593,0.4785
0.906,2.113,0.605
0.925,0.347,0.5655
0.887,2.392,0.4396
0.982,2.567,0.2475
0.607,2.437,0.5416
0.678,1.624,0.5525
0.603,0.852,0.209
0.859,2.567,0.5659
0.959,2.236,0.3813
0.697,2.946,0.5544
0.971,0.636,0.5614
0.624,0.832,0.3026
0.974,0.793,0.5778
0.741,2.419,0.649
0.641,0.723,0.2958
0.794,0.387,0.5204
0.703,2.996,0.543
0.714,0.269,0.2577
0.723,2.539,0.5678
0.921,1.223,0.5282
0.816,2.557,0.6551
0.725,1.753,0.7833
0.844,2.725,0.4066
0.886,2.793,0.3317
0.709,0.225,0.2537
0.765,0.411,0.5199
0.649,0.901,0.2903
0.672,2.074,0.6176
0.872,2.687,0.4032
0.673,1.488,0.6199
0.81,1.9,0.7951
0.884,0.728,0.5221
0.643,2.454,0.5595
0.827,2.909,0.3696
0.703,0.952,0.5173
0.985,1.586,0.5353
0.793,0.441,0.4053
0.922,1.766,0.5424
0.82,1.608,0.8059
0.617,0.604,0.1918
0.853,1.438,0.8222
0.981,1.135,0.5236
0.841,1.661,0.8257
0.928,1.84,0.5204
0.954,0.224,0.6026
0.691,2.331,0.6542
0.685,2.196,0.5862
0.844,1.226,0.8066
0.764,0.348,0.4237
0.936,2.314,0.4457
0.96,2.874,0.1681
0.741,0.872,0.5937
0.695,1.106,0.5429
0.912,0.715,0.5882
0.71,1.815,0.7169
0.929,0.634,0.6064
0.769,1.197,0.6859
0.867,2.152,0.6963
0.638,1.768,0.4391
0.85,1.282,0.7376
0.781,1.377,0.8049
0.835,1.774,0.8202
0.667,0.216,0.2815
0.895,0.42,0.4655
0.945,2.668,0.2379
0.687,0.418,0.1883
0.638,2.179,0.5633
0.609,2.776,0.614
0.857,0.958,0.7659
0.843,1.237,0.7778
0.819,1.793,0.8683
0.693,2.669,0.6029
0.756,2.837,0.4991
0.838,2.271,0.5666
0.799,0.443,0.5133
0.995,2.074,0.2573
0.655,1.349,0.5656
0.878,1.518,0.7258
0.762,0.338,0.4734
0.771,0.735,0.5479
0.887,2.413,0.491
0.877,1.471,0.7474
0.997,1.045,0.5254
0.651,1.275,0.4527
0.642,2.592,0.5949
0.89,2.297,0.4682
0.831,0.962,0.6408
0.71,0.529,0.4399
0.632,0.906,0.3615
0.634,2.778,0.5896
0.958,1.828,0.558
0.677,1.694,0.6031
0.729,1.87,0.8091
0.691,1.225,0.5784
0.742,2.46,0.5718
0.628,1.665,0.5897
0.808,0.527,0.5864
0.627,0.561,0.2109
0.92,1.703,0.6369
0.693,2.822,0.5392
0.816,1.063,0.7793
0.952,2.635,0.1389
0.86,2.339,0.5151
0.813,0.894,0.7249
0.73,0.302,0.3334
0.733,0.485,0.4206
0.868,2.24,0.5216
0.998,0.759,0.6547
0.865,1.24,0.801
0.823,1.605,0.8209
0.892,2.231,0.5122
0.786,0.517,0.5605
0.624,1.338,0.5237
0.825,1.558,0.8775
0.983,1.714,0.5511
0.67,2.491,0.5372
0.876,0.681,0.562
0.68,2.462,0.5316
0.814,2.14,0.743
0.639,1.756,0.5408
0.78,2.159,0.7225
0.902,1.354,0.7141
0.739,0.588,0.5198
0.866,2.064,0.5815
0.918,1.669,0.5815
0.971,1.99,0.4449
0.694,1.146,0.5318
0.76,2.739,0.5022
0.661,1.845,0.6389
0.997,0.439,0.5379
0.971,1.459,0.4958
0.816,2.318,0.6657
0.937,2.424,0.3272
0.808,1.585,0.88
0.849,2.705,0.4172
0.636,0.949,0.4169
0.902,1.35,0.668
0.651,2.716,0.6107
0.93,2.71,0.3187
0.913,2.12,0.4844
0.883,2.605,0.3117
0.614,0.449,0.1819
0.721,2.622,0.5846
0.705,1.098,0.5989
0.744,0.699,0.4992
0.635,0.87,0.3002
0.975,1.37,0.616
0.822,0.903,0.6074
0.722,1.098,0.6525
0.759,0.578,0.4614
0.779,1.029,0.6848
0.84,1.802,0.7693
0.806,1.437,0.7909
0.968,1.171,0.5745
0.799,2.29,0.7457
0.997,2.702,0.1809
0.941,2.319,0.3856
0.683,1.13,0.4716
0.972,2.284,0.3454
0.647,0.626,0.3818
0.927,0.565,0.5568
0.752,1.168,0.69
0.951,2.462,0.2839
0.947,0.89,0.5537
0.922,0.377,0.4289
0.916,0.569,0.5973
0.722,2.604,0.5421
0.632,1.975,0.461
0.761,0.909,0.6651
0.669,1.755,0.5481
0.878,1.677,0.7048
0.738,2.035,0.8057
0.99,0.853,0.4821
0.856,2.62,0.3868
0.929,1.066,0.6202
0.653,2.144,0.6373
0.945,0.245,0.5031
0.969,1.243,0.5584
0.795,1.185,0.8003
0.843,1.722,0.6914
0.906,0.404,0.6013
0.67,2.412,0.6324
0.801,0.81,0.6206
0.759,2.096,0.8037
0.659,2.449,0.6366
0.747,1.773,0.79
0.627,2.274,0.5335
0.61,2.053,0.4724
0.654,1.195,0.4588
0.985,2.465,0.2711
0.82,1.025,0.7083
0.986,1.799,0.3069
0.773,2.287,0.7486
0.725,1.261,0.6836
0.802,1.048,0.7098
0.776,1.486,0.865
0.642,2.49,0.6492
0.856,2.804,0.2597
0.686,1.726,0.6658
0.848,2.052,0.6304
0.86,2.729,0.4431
0.661,0.476,0.2655
0.625,0.85,0.3258
0.912,2.185,0.4709
0.784,2.506,0.5079
0.623,2.6,0.5543
0.998,1.362,0.5017
0.623,0.45,0.2306
0.878,1.426,0.6748
0.993,0.846,0.604
0.696,1.015,0.4848
0.657,2.362,0.599
0.649,0.411,0.1914
0.721,2.517,0.6119
0.64,1.397,0.5203
0.877,1.869,0.6269
0.625,0.451,0.149
0.804,1.145,0.7718
0.999,0.451,0.7225
0.926,2.892,0.1963
0.846,2.46,0.6476
0.723,1.487,0.8186
0.85,0.826,0.6464
0.811,2.814,0.4549
0.77,1.165,0.7046
0.652,0.651,0.2896
0.955,1.777,0.4226
0.78,2.843,0.4945
0.678,0.211,0.2967
0.747,0.867,0.5533
0.766,2.828,0.5034
0.931,0.679,0.496
0.893,0.517,0.5898
0.908,1.797,0.6317
0.604,2.613,0.5859
0.766,1.536,0.8045
0.793,2.985,0.4342
0.608,2.102,0.5496
0.704,0.407,0.3254
0.904,2.98,0.2746
0.655,1.342,0.5105
0.814,1.005,0.7734
0.686,1.762,0.6787
0.605,1.052,0.3218
0.696,0.442,0.3984
0.99,0.204,0.6505
0.921,1.459,0.6921
0.984,2.543,0.2537
0.795,1.802,0.7331
0.644,2.998,0.6603
0.819,1.003,0.7237
0.782,0.985,0.6854
0.938,0.647,0.592
0.639,0.659,0.2512
0.795,0.999,0.7175
0.66,2.42,0.5516
0.73,2.736,0.6211
0.895,2.93,0.2839
0.79,0.85,0.6239
0.75,2.668,0.5192
0.758,1.119,0.7161
0.784,0.516,0.5148
0.914,2.636,0.358
0.957,1.981,0.3878
0.982,0.661,0.4919
0.915,1.404,0.675
0.726,1.004,0.6662
0.875,2.263,0.5113
0.775,1.47,0.8988
0.702,2.97,0.5583
0.936,0.353,0.5731
0.615,1.194,0.3503
0.961,1.549,0.4498
0.785,1.609,0.8869
0.855,1.085,0.6831
0.864,2.242,0.5585
0.958,2.649,0.2925
0.855,2.828,0.301
0.846,2.454,0.4721
0.627,2.582,0.5742
0.807,1.742,0.8463
0.66,2.512,0.6028
0.895,1.05,0.6443
0.805,1.316,0.9368
0.872,1.087,0.6894
0.617,1.509,0.4348
0.634,1.0,0.3169
0.887,2.893,0.3226
0.629,1.076,0.398
0.629,0.475,0.2564
0.605,1.675,0.3826
0.983,0.36,0.5901
0.895,0.51,0.5926
0.741,0.814,0.5805
0.719,1.5,0.7101
0.74,1.413,0.7753
0.91,2.439,0.3736
0.865,2.271,0.6627
0.674,1.394,0.614
0.67,1.134,0.4173
0.639,1.086,0.34
0.864,2.367,0.4946
0.906,0.346,0.5908
0.706,0.236,0.2181
0.608,2.428,0.5443
0.633,1.536,0.5086
0.987,0.566,0.5791
0.718,0.86,0.5305
0.908,2.811,0.2444
0.85,2.607,0.5108
0.753,2.187,0.6786
0.682,1.55,0.5993
0.649,1.657,0.5535
0.846,2.931,0.3858
0.91,2.904,0.2686
0.858,0.803,0.6036
0.812,2.471,0.5763
0.617,0.752,0.2512
0.987,0.798,0.4901
0.919,2.093,0.4829
0.717,1.334,0.6925
0.992,2.808,0.0737
0.841,0.449,0.5976
0.833,1.632,0.8822
0.899,2.772,0.2643
0.925,2.732,0.3546
0.863,0.638,0.588
0.651,1.227,0.4826
0.735,1.934,0.7207
0.971,0.646,0.6196
0.69,2.91,0.5766
0.749,2.761,0.5024
0.773,0.667,0.4887
0.776,0.539,0.4293
0.845,0.439,0.5492
0.977,2.746,0.2086
0.696,0.742,0.4548
0.649,1.366,0.483
0.679,1.457,0.5328
0.955,1.877,0.4362
0.858,0.401,0.5969
0.714,0.835,0.4748
0.926,2.808,0.2682
0.945,2.744,0.1889
0.939,2.388,0.3802
0.968,0.254,0.5781
0.701,1.116,0.6175
0.902,1.958,0.634
0.784,0.971,0.6601
0.937,2.747,0.2511
0.891,1.975,0.5926
0.911,0.401,0.4916
0.862,2.745,0.3651
0.671,2.882,0.5791
0.818,0.418,0.529
0.994,1.691,0.4342
0.975,1.049,0.5307
0.617,1.3,0.4476
0.666,0.703,0.3421
0.653,1.819,0.6032
0.89,2.882,0.2227
0.927,1.609,0.3984
0.685,0.432,0.3108
0.802,1.936,0.7239
0.936,1.153,0.5864
0.893,2.597,0.3819
0.817,1.417,0.9051
0.836,0.74,0.6452
0.803,0.735,0.6171
0.719,2.353,0.6797
0.826,0.944,0.7143
0.876,2.348,0.5062
0.949,0.776,0.6294
0.855,1.101,0.6708
0.904,1.503,0.6828
0.664,2.841,0.4955
0.785,2.809,0.5128
0.604,0.779,0.2445
0.699,1.203,0.6701
0.891,0.618,0.5086
0.997,1.628,0.4047
0.64,1.49,0.534
0.761,2.722,0.563
0.92,2.804,0.284
0.682,1.274,0.5092
0.822,1.577,0.8028
0.893,2.709,0.4213
0.846,2.459,0.5427
0.675,0.21,0.2352
0.742,1.096,0.657
0.914,1.381,0.5877
0.822,0.843,0.7061
0.602,0.759,0.2516
0.904,0.306,0.669
0.614,2.001,0.4684
0.898,0.935,0.6779
0.681,0.347,0.1973
0.983,0.847,0.5639
0.747,2.445,0.6777
0.731,2.584,0.4854
0.66,1.553,0.5436
0.722,1.365,0.6659
0.951,2.938,0.1445
0.999,0.762,0.5809
0.747,0.803,0.6148
0.779,1.017,0.691
0.889,0.684,0.6096
0.954,1.262,0.5672
0.837,2.75,0.4511
0.757,1.923,0.7244
0.765,1.353,0.8402
0.878,2.816,0.3698
0.601,0.336,0.1318
0.848,0.789,0.5997
0.742,1.784,0.7522
0.918,1.924,0.551
0.637,0.311,0.0923
0.835,1.329,0.7128
0.792,2.018,0.745
0.857,2.155,0.6723
0.626,1.987,0.5005
0.832,1.098,0.6934
0.825,0.462,0.4904
0.824,1.396,0.7951
0.841,0.561,0.5524
0.871,2.853,0.4671
0.922,1.53,0.6707
0.708,1.088,0.6264
0.93,2.346,0.4559
0.799,1.594,0.792
0.631,1.068,0.3081
0.623,2.474,0.5119
0.734,2.628,0.6462
0.914,2.084,0.4965
0.883,0.332,0.4796
0.915,1.786,0.5768
0.807,2.337,0.6387
0.776,0.582,0.5324
0.659,0.84,0.3791
0.731,2.671,0.5284
0.774,0.256,0.4441
0.635,2.308,0.5318
0.688,1.527,0.6211
0.839,1.451,0.8425
0.894,0.22,0.5079
0.999,2.494,0.1807
0.973,1.208,0.5647
0.857,1.714,0.7242
0.768,2.096,0.7273
0.854,2.167,0.6744
0.914,2.877,0.3692
0.647,1.688,0.573
0.764,1.319,0.7984
0.936,2.87,0.2519
0.754,1.998,0.706
0.829,1.035,0.7321
0.835,0.554,0.564
0.674,2.559,0.5967
0.745,1.214,0.7144
0.734,2.049,0.7415
0.61,1.518,0.4209
0.61,0.757,0.2422
0.933,1.885,0.4656
0.709,0.37,0.3101
0.807,1.357,0.8882
0.719,1.731,0.7445
0.976,1.421,0.505
0.704,2.296,0.7289
0.772,2.518,0.5352
0.949,2.359,0.2923
0.937,0.309,0.6601
0.674,0.744,0.3737
0.921,1.703,0.5858
0.783,2.818,0.4414
0.793,2.538,0.6064
0.653,2.559,0.6032
0.632,1.049,0.3123
0.891,1.402,0.6948
0.799,1.518,0.8223
0.775,0.641,0.5522
0.892,0.287,0.4873
0.906,2.851,0.3521
0.664,0.874,0.4341
0.844,0.872,0.6493
0.654,0.433,0.223
0.901,2.8,0.3088
0.863,1.823,0.6953
0.983,2.068,0.3358
0.628,2.752,0.5741
0.623,1.168,0.4599
0.713,1.94,0.7492
0.705,0.309,0.3464
0.699,0.723,0.4397
0.963,2.527,0.2128
0.7,2.347,0.6193
0.709,1.182,0.6564
0.904,1.255,0.6029
0.78,1.694,0.864
0.911,0.201,0.6701
0.626,0.875,0.3579
0.795,0.783,0.6914
0.613,0.901,0.2977
0.625,2.457,0.6151
0.963,0.983,0.5262
0.656,0.736,0.3664
0.813,1.612,0.8713
0.764,2.624,0.5869
0.739,0.876,0.6369
0.96,0.42,0.5565
0.609,1.198,0.3487
0.866,2.293,0.5782
0.985,1.742,0.3801
0.824,2.487,0.5811
0.975,2.887,0.0619
0.621,2.419,0.6154
0.768,1.891,0.7992
0.704,1.581,0.6543
0.892,0.312,0.5043
0.993,2.956,0.0879
0.703,1.274,0.6516
0.862,0.626,0.6196
0.679,2.067,0.5889
0.826,0.996,0.6715
0.786,1.84,0.8505
0.989,1.843,0.366
0.843,1.448,0.8049
0.74,2.541,0.6069
0.646,0.942,0.3823
0.66,1.456,0.5824
0.69,1.706,0.5893
0.7,2.058,0.5681
0.94,2.395,0.3287
0.824,1.305,0.8927
0.809,2.009,0.8717
0.646,0.622,0.363
0.944,2.811,0.2155
0.889,1.273,0.6094
0.627,2.243,0.4364
0.883,0.257,0.5033
0.817,0.775,0.6225
0.633,1.564,0.5557
0.783,2.659,0.5928
0.794,1.676,0.8508
0.666,2.804,0.5275
0.978,1.555,0.4336
0.94,1.573,0.5786
0.868,0.535,0.6061
0.785,2.447,0.6428
0.765,0.892,0.5742
0.86,2.719,0.4536
0.818,2.75,0.5014
0.625,2.841,0.5435
0.805,1.657,0.8007
0.923,2.096,0.5314
0.784,2.38,0.6373
0.621,0.567,0.2866
0.915,1.883,0.6044
0.681,0.296,0.2242
0.703,1.593,0.6795
0.666,0.634,0.3201
0.732,0.712,0.4549
0.903,1.222,0.6201
0.808,1.411,0.8626
0.682,1.945,0.6776
0.951,0.408,0.6102
0.952,1.61,0.6069
0.948,0.711,0.5486
0.696,1.807,0.7532
0.78,1.985,0.7382
0.994,1.759,0.3609
0.909,2.267,0.3887
0.611,1.14,0.3247
0.626,2.342,0.5343
0.786,1.412,0.8467
0.964,1.556,0.524
0.815,2.015,0.7033
0.799,0.251,0.4264
0.642,2.031,0.5421
0.863,1.932,0.6181
0.929,1.068,0.5578
0.752,0.44,0.3911
0.91,0.455,0.6387
0.986,2.785,0.1642
0.682,2.13,0.6571
0.809,0.556,0.4729
0.715,1.199,0.6894
0.917,1.859,0.6427
0.831,2.54,0.4383
0.854,0.322,0.4853
0.919,0.863,0.6287
0.758,2.691,0.5881
0.966,0.226,0.5683
0.813,0.764,0.6111
0.663,2.885,0.5441
0.878,1.918,0.6775
0.917,0.933,0.6731
0.727,0.388,0.3271
0.943,0.279,0.6295
0.962,0.885,0.5264
0.711,2.668,0.5304
0.993,1.365,0.5281
0.656,2.217,0.6296
0.681,2.771,0.6103
0.674,1.343,0.4856
0.958,0.736,0.5488
0.862,1.648,0.806
0.661,2.743,0.5766
0.776,2.452,0.5713
0.846,0.384,0.5506
0.633,2.139,0.5184
0.953,1.801,0.5823
0.921,2.741,0.368
0.802,0.543,0.5669
0.987,1.695,0.507
0.767,2.662,0.5626
0.994,1.348,0.5276
0.867,1.55,0.8329
0.854,0.397,0.548
0.666,0.979,0.4157
0.953,1.109,0.4851
0.771,2.846,0.502
0.665,0.991,0.47
0.605,1.49,0.4682
0.824,2.08,0.7571
0.811,0.654,0.557
0.888,1.562,0.6082
0.956,2.268,0.3349
0.632,2.627,0.5622
0.893,1.954,0.6073
0.675,2.073,0.6473
0.943,0.554,0.6752
0.928,2.848,0.2537
0.816,0.571,0.5482
0.884,2.369,0.4882
0.726,0.941,0.5731
0.788,2.814,0.4554
0.929,2.216,0.4489
0.784,2.311,0.6977
0.743,0.813,0.5649
0.798,1.441,0.8539
0.931,1.93,0.5415
0.734,2.356,0.5593
0.67,0.491,0.3132
0.885,2.895,0.2855
0.93,2.693,0.2313
0.64,0.957,0.3034
0.696,2.504,0.6165
0.657,1.651,0.5497
0.739,1.493,0.6754
0.78,1.08,0.7463
0.9,1.827,0.5633
0.86,2.244,0.6111
0.848,1.351,0.7963
0.741,1.962,0.7946
0.937,2.158,0.53
0.789,2.191,0.6495
0.992,0.346,0.6086
0.854,2.607,0.4599
0.651,1.483,0.54
0.87,0.935,0.6785
0.73,0.877,0.5341
0.875,1.552,0.7192
0.628,2.683,0.5262
0.67,1.259,0.57
0.942,2.299,0.4056
0.691,0.471,0.3656
0.935,1.533,0.5683
0.712,2.977,0.5023
0.857,2.357,0.5116
0.878,0.789,0.6451
0.805,1.604,0.7894
0.722,0.854,0.6175
0.685,1.347,0.5195
0.613,2.384,0.5713
0.722,2.359,0.7169
0.861,0.839,0.6796
0.975,2.782,0.1828
0.948,1.859,0.4421
0.906,1.264,0.5915
0.915,1.605,0.6666
0.866,1.894,0.7852
0.704,1.768,0.6686
0.963,1.562,0.4554
0.868,1.614,0.6292
0.824,0.694,0.5569
0.644,2.476,0.5674
0.779,1.717,0.9099
0.784,0.567,0.5581
0.946,2.345,0.3752
0.819,2.811,0.4397
0.752,2.852,0.4917
0.991,1.233,0.5798
0.644,0.579,0.2656
0.769,1.652,0.7175
0.617,0.515,0.1519
0.896,2.815,0.2772
0.967,0.714,0.5426
0.712,0.908,0.549
0.943,1.339,0.5739
0.717,1.273,0.6527
0.964,2.425,0.361
0.902,1.478,0.6403
0.922,0.678,0.6784
0.607,0.948,0.2543
0.985,1.626,0.4604
0.891,0.613,0.5721
0.722,1.913,0.7293
0.932,1.784,0.5748
0.713,2.201,0.6836
0.949,2.826,0.1738
0.645,2.754,0.5238
0.881,2.849,0.4644
0.816,0.885,0.6492
0.639,0.568,0.2762
0.697,1.046,0.4501
0.605,2.706,0.5802
0.788,2.922,0.4635
0.721,2.606,0.6078
0.839,0.508,0.4178
0.719,2.853,0.5516
0.72,1.385,0.6349
0.897,0.226,0.5593
0.619,1.439,0.3848
0.961,0.329,0.547
0.941,1.723,0.5258
0.867,1.148,0.6677
0.837,1.526,0.7906
0.957,1.917,0.3955
0.674,2.633,0.4842
0.632,2.053,0.5977
0.696,1.415,0.566
0.918,2.494,0.3677
0.614,2.736,0.6308
0.833,0.535,0.5279
0.998,1.689,0.3782
0.942,0.997,0.5967
0.809,0.332,0.5349
0.625,2.072,0.4814
0.933,2.616,0.2975
0.84,0.656,0.5115
0.646,2.475,0.5539
0.638,2.59,0.5768
0.964,2.76,0.1581
0.868,0.943,0.6495
0.932,2.731,0.2016
0.952,1.098,0.5764
0.829,1.747,0.8652
0.807,0.341,0.4244
0.772,0.323,0.3947
0.727,2.217,0.7015
0.774,1.445,0.8749
0.91,0.918,0.5457
0.841,0.733,0.6147
0.957,2.076,0.4275
0.777,0.201,0.3964
0.843,2.456,0.4283
0.853,0.422,0.5653
0.837,0.736,0.7001
0.881,1.281,0.7224
0.695,1.558,0.6006
0.805,1.194,0.7524
0.642,1.098,0.4916
0.754,2.899,0.5559
0.795,1.996,0.8131
0.861,0.266,0.5348
0.98,1.404,0.4683
0.84,2.65,0.4714
0.897,1.044,0.6509
0.803,0.465,0.5385
0.854,2.323,0.6622
0.628,1.897,0.5843
0.702,1.797,0.6134
0.745,0.35,0.399
0.789,0.593,0.5771
0.618,1.943,0.549
0.656,0.782,0.3098
0.711,1.611,0.8476
0.989,1.726,0.3649
0.733,0.994,0.5485
0.793,2.856,0.4922
0.678,2.559,0.6882
0.844,2.223,0.6031
0.712,0.418,0.3337
0.683,0.497,0.3648
0.807,1.58,0.8403
0.602,0.65,0.1798
0.603,2.939,0.6563
0.688,0.644,0.382
0.615,1.565,0.5054
0.643,1.22,0.5044
0.736,1.99,0.7519
0.921,0.561,0.5907
0.829,1.405,0.8261
0.805,0.969,0.7255
0.717,2.686,0.5722
0.973,0.314,0.5998
0.759,2.758,0.5979
0.635,2.532,0.6486
0.847,1.033,0.64
0.646,2.41,0.5733
0.738,0.287,0.3228
0.803,2.907,0.4382
0.95,1.674,0.5457
0.797,1.049,0.7601
0.881,1.215,0.703
0.997,0.386,0.514
0.653,2.97,0.5367
0.71,0.31,0.3551
0.758,2.034,0.6184
0.769,1.44,0.8663
0.764,2.857,0.5359
0.963,0.889,0.6311
0.886,1.69,0.6899
0.843,1.551,0.7025
0.724,2.168,0.705
0.93,0.39,0.6342
0.982,0.743,0.6117
0.928,0.801,0.5572
0.601,2.267,0.5444
0.855,0.73,0.5943
0.62,1.806,0.4629
0.703,0.803,0.5079
0.624,2.613,0.5177
0.842,2.838,0.3706
0.875,1.652,0.678
0.646,1.186,0.3624
0.754,0.855,0.5991
0.782,0.339,0.5047
0.748,0.952,0.61
0.648,2.032,0.4952
0.768,1.694,0.8623
0.9,2.843,0.3876
0.628,1.31,0.3947
0.632,2.143,0.5289
0.742,1.57,0.8002
0.977,1.635,0.552
0.867,0.95,0.6483
0.871,1.474,0.6828
0.745,1.518,0.8069
0.837,2.179,0.7147
0.604,2.834,0.6122
0.854,1.122,0.7038
0.965,0.318,0.6436
0.845,1.59,0.8285
0.949,1.724,0.4783
0.89,0.672,0.5993
0.648,2.329,0.5064
0.961,2.958,0.19
0.627,2.848,0.5835
0.814,0.752,0.6003
0.657,2.651,0.5739
0.605,2.173,0.5326
0.769,1.471,0.8563
0.718,1.714,0.7545
0.794,2.579,0.5599
0.831,1.544,0.8614
0.617,1.245,0.4077
0.649,1.581,0.5106
0.823,1.822,0.7993
0.737,0.729,0.5015
0.892,2.723,0.3831
0.861,2.088,0.6432
0.938,1.973,0.4698
0.877,0.479,0.6608
0.772,1.892,0.8475
0.869,0.539,0.534
0.71,0.42,0.372
0.723,1.676,0.7411
0.916,1.328,0.6618
0.779,1.849,0.8197
0.919,0.45,0.6285
0.929,1.407,0.6259
0.943,0.689,0.5743
0.967,2.964,0.196
0.772,1.771,0.831
0.728,2.125,0.7038
0.833,1.111,0.7638
0.748,0.465,0.4271
0.84,2.932,0.3901
0.882,1.002,0.6397
0.875,1.387,0.6999
0.75,2.02,0.7005
0.667,0.269,0.1449
0.772,2.469,0.5764
0.657,1.702,0.5586
0.956,0.979,0.5743
0.738,0.373,0.3694
0.662,0.655,0.1965
0.61,2.706,0.6706
0.858,2.121,0.71
0.855,0.9,0.6933
0.736,0.384,0.4783
0.629,2.134,0.4995
0.764,1.803,0.9014
0.724,1.333,0.644
0.871,1.218,0.7393
0.842,0.807,0.5832
0.746,2.075,0.7336
0.687,2.918,0.5771
0.995,0.692,0.5622
0.782,1.872,0.8459
0.875,1.388,0.7428
0.656,1.451,0.5006
0.794,0.912,0.6429
0.611,2.51,0.6105
0.802,1.559,0.8086
0.986,1.722,0.4815
0.754,1.053,0.7321
0.616,0.709,0.153
0.612,0.441,0.2149
0.755,2.2,0.8108
0.664,0.749,0.362
0.609,2.132,0.5595
0.902,1.293,0.7231
0.783,1.364,0.7958
0.716,1.514,0.713
0.96,1.23,0.4878
0.646,0.482,0.2392
0.982,1.067,0.562
0.726,2.058,0.7339
0.955,2.064,0.474
0.841,1.001,0.6711
0.931,1.488,0.5721
0.994,0.742,0.6593
0.715,0.789,0.4765
0.984,0.265,0.6254
0.756,2.711,0.5485
0.754,0.79,0.525
0.736,0.837,0.6309
0.817,0.983,0.6831
0.662,0.557,0.2279
0.821,1.99,0.7419
0.817,0.41,0.4089
0.905,0.576,0.5461
0.933,2.005,0.445
0.776,1.151,0.7735
0.721,2.182,0.6429
0.704,1.761,0.7342
0.678,0.917,0.5077
0.623,2.022,0.5719
0.737,0.526,0.4207
0.708,1.702,0.7067
0.987,1.424,0.4116
0.823,0.95,0.6915
0.739,1.891,0.7148
0.832,2.64,0.5332
0.656,2.997,0.7128
0.778,1.902,0.8271
0.85,1.333,0.6788
0.796,0.831,0.6219
0.761,0.92,0.6371
0.998,1.542,0.4547
0.952,1.228,0.5308
0.849,2.759,0.4398
0.828,1.231,0.7212
0.848,1.246,0.7195
0.681,1.274,0.5864
0.758,2.543,0.5484
0.616,2.022,0.5507
0.79,1.92,0.733
0.817,1.136,0.8496
0.691,2.49,0.5553
0.986,0.307,0.5999
0.964,2.638,0.2512
0.889,1.636,0.6696
0.813,1.315,0.8163
0.948,1.592,0.5719
0.652,2.069,0.6261
0.916,0.236,0.5987
0.65,2.64,0.5674
0.918,1.451,0.6272
0.71,1.16,0.723
0.951,0.587,0.6233
0.978,1.431,0.456
0.66,1.59,0.5644
0.785,1.33,0.7868
0.992,2.1,0.3233
0.793,1.379,0.7576
0.945,2.892,0.1806
0.835,1.878,0.8672
0.75,2.461,0.6536
0.714,0.506,0.2545
0.681,1.312,0.627
0.905,1.143,0.7094
0.755,1.795,0.7772
0.805,2.611,0.582
0.797,0.419,0.4469
0.831,0.403,0.4967
0.946,2.581,0.3618
0.992,0.796,0.5447
0.763,2.073,0.6562
0.931,1.72,0.5638
0.906,2.532,0.3874
0.829,0.55,0.6213
0.982,0.563,0.582
0.68,1.759,0.6085
0.644,2.85,0.6378
0.942,1.362,0.5878
0.776,1.115,0.6918
0.939,1.899,0.565
0.957,2.805,0.2112
0.625,2.543,0.5727
0.953,2.987,0.1715
0.779,0.263,0.3667
0.804,0.516,0.5031
0.851,1.907,0.7412
0.971,2.498,0.2516
0.608,0.999,0.3666
0.791,0.87,0.6622
0.875,2.404,0.5516
0.889,0.358,0.5495
0.877,1.234,0.7716
0.654,1.616,0.5686
0.72,1.769,0.7292
0.743,2.24,0.6862
0.922,1.194,0.5775
0.712,1.916,0.7267
0.684,1.839,0.6399
0.983,1.733,0.4131
0.604,1.993,0.5619
0.999,0.926,0.4783
0.871,0.437,0.5311
0.931,0.534,0.6262
0.718,0.829,0.5208
0.606,1.601,0.4422
0.895,2.553,0.4205
0.934,2.164,0.4554
0.896,2.409,0.3813
0.657,1.183,0.4477
0.901,1.333,0.7566
0.908,1.302,0.6269
0.863,0.737,0.6049
0.906,0.371,0.5318
0.938,1.855,0.5144
0.845,2.97,0.3418
0.635,0.667,0.2875
0.795,0.331,0.4714
0.631,2.383,0.6033
0.763,0.907,0.577
0.763,2.523,0.5875
0.626,2.171,0.5373
0.74,2.848,0.554
0.644,1.345,0.4337
0.923,2.054,0.5536
0.979,1.502,0.5485
0.629,1.966,0.4861
0.982,1.459,0.4657
0.809,0.728,0.5837
0.72,1.622,0.858
0.631,1.68,0.4838
0.8,2.47,0.6881
0.918,2.259,0.393
0.883,2.059,0.5677
0.62,0.517,0.1577
0.629,2.218,0.5119
0.761,1.601,0.7982
0.718,2.703,0.5307
0.693,2.776,0.5223
0.712,0.354,0.386
0.921,2.498,0.4288
0.972,0.306,0.6474
0.762,1.228,0.7726
0.962,1.718,0.4908
0.729,0.615,0.4223
0.791,2.29,0.6327
0.69,0.223,0.2673
0.856,0.672,0.5456
0.992,1.826,0.3509
0.841,2.2,0.7171
0.743,2.767,0.6405
0.859,2.175,0.6532
0.649,2.081,0.6288
0.955,1.304,0.5446
0.801,0.204,0.3706
0.78,0.536,0.5379
0.834,1.697,0.8395
0.85,2.09,0.688
0.629,1.369,0.4295
0.873,2.246,0.6229
0.697,1.661,0.6182
0.886,0.408,0.5148
0.929,0.738,0.5352
0.922,2.552,0.3534
0.821,2.23,0.6241
0.808,2.705,0.4741
0.657,0.529,0.2317
0.91,2.973,0.2359
0.709,0.786,0.3925
0.799,0.233,0.4454
0.714,2.993,0.5948
0.654,0.987,0.4058
0.852,2.07,0.7649
0.622,0.695,0.3112
0.899,1.825,0.6752
0.727,2.731,0.5627
0.6,1.097,0.3165
0.804,2.077,0.7899
0.619,0.726,0.2278
0.71,1.949,0.6013
0.883,1.142,0.7188
0.625,0.791,0.2215
0.936,1.077,0.5482
0.602,0.701,0.2094
0.699,2.725,0.562
0.896,1.312,0.6151
0.727,0.887,0.5558
0.641,1.456,0.5371
0.744,1.098,0.6109
0.708,2.284,0.7047
0.937,2.919,0.132
0.725,1.426,0.8213
0.916,2.611,0.3226
0.957,1.784,0.4937
0.774,0.64,0.4425
0.964,2.134,0.3775
0.751,1.638,0.8071
0.986,2.022,0.3598
0.636,2.691,0.5521
0.875,1.433,0.6936
0.798,2.723,0.5715
0.755,2.302,0.6772
0.853,1.568,0.8652
0.882,1.889,0.6445
0.602,1.112,0.3006
0.667,2.954,0.6135
0.885,2.069,0.5263
0.867,0.323,0.4694
0.986,1.115,0.5832
0.904,1.945,0.5331
0.98,0.358,0.5098
0.881,0.267,0.6273
0.719,1.46,0.6351
0.642,1.132,0.4225
0.913,1.427,0.6516
0.858,0.936,0.5381
0.619,0.661,0.2168
0.744,2.13,0.7397
0.983,1.641,0.4753
0.8,0.76,0.6614
0.773,1.095,0.6992
0.783,1.857,0.8493
0.684,0.402,0.2494
0.747,0.613,0.4127
0.748,0.405,0.3457
0.621,2.474,0.4937
0.907,2.307,0.5184
0.767,2.309,0.6006
0.929,2.206,0.4593
0.94,2.074,0.4429
0.685,1.536,0.6154
0.863,1.998,0.7553
0.789,0.307,0.4245
0.952,1.94,0.4925
0.686,2.378,0.6065
0.871,1.601,0.7391
0.843,1.201,0.8788
0.718,0.977,0.4894
0.655,2.0,0.6453
0.861,2.14,0.6763
0.895,2.639,0.3536
0.726,1.159,0.7283
0.858,2.355,0.4721
0.758,1.772,0.7762
0.885,2.672,0.3271
0.68,1.678,0.6436
0.956,1.649,0.4582
0.715,1.818,0.7374
0.747,2.298,0.6633
0.623,2.901,0.5805
0.645,0.406,0.2274
0.806,0.35,0.4675
0.707,2.825,0.4983
0.934,1.684,0.7052
0.606,1.922,0.4745
0.752,1.551,0.681
0.735,0.462,0.3634
0.608,2.351,0.4889
0.65,2.292,0.617
0.765,1.073,0.7151
0.797,1.057,0.7494
0.762,2.546,0.5789
0.812,0.403,0.4886
0.838,2.667,0.4602
0.604,0.919,0.2699
0.786,1.86,0.8557
0.985,2.821,0.1629
0.808,2.099,0.7668
0.871,1.36,0.7699
0.725,2.131,0.7369
0.91,1.163,0.6618
0.909,0.976,0.6464
0.809,2.991,0.4847
0.99,2.302,0.2451
0.65,2.005,0.53
0.607,1.195,0.2941
0.908,0.338,0.5667
0.923,0.287,0.4718
0.648,1.752,0.5749
0.706,2.334,0.6244
0.607,1.705,0.523
0.717,2.554,0.5602
0.909,0.294,0.5456
0.807,1.227,0.8442
0.739,0.864,0.6361
0.749,1.452,0.74
0.601,0.403,0.137
0.72,2.872,0.555
0.859,0.825,0.6659
0.99,2.782,0.1353
0.939,1.393,0.6504
0.609,2.959,0.5297
0.959,1.751,0.4656
0.913,2.806,0.3104
0.912,0.215,0.5781
0.783,2.295,0.7489
0.759,2.729,0.6054
0.721,0.591,0.4089
0.626,0.469,0.2557
0.691,1.389,0.5767
0.699,2.814,0.6045
0.794,1.719,0.927
0.899,1.677,0.7256
0.79,0.595,0.5468
0.623,0.202,0.1004
0.983,2.468,0.1688
0.977,0.445,0.6058
0.914,1.975,0.5003
0.997,2.761,0.1025
0.818,0.784,0.5765
0.985,2.063,0.3313
0.63,0.42,0.1834
0.746,1.891,0.784
0.69,0.659,0.349
0.678,2.261,0.6619
0.656,1.043,0.4125
0.849,1.497,0.756
0.913,1.878,0.5973
0.831,0.68,0.7024
0.659,2.277,0.6016
0.924,1.047,0.5945
0.854,2.055,0.6109
0.755,0.643,0.4982
0.87,2.127,0.639
0.704,0.559,0.3561
0.738,1.391,0.6559
0.967,0.892,0.5194
0.716,2.295,0.7204
0.788,0.934,0.7462
0.956,2.669,0.1966
0.883,2.697,0.4175
0.625,0.75,0.2069
0.659,1.919,0.657
0.603,0.446,0.1558
0.852,1.296,0.8179
0.779,2.197,0.6307
0.654,2.046,0.6139
0.983,1.949,0.3873
0.812,0.991,0.7544
0.697,1.258,0.6422
0.8,0.488,0.5194
0.872,2.213,0.5597
0.63,1.611,0.5329
0.71,2.185,0.658
0.923,0.897,0.5595
0.784,1.108,0.6904
0.819,1.136,0.6868
0.773,0.272,0.3875
0.618,1.155,0.4198
0.666,2.449,0.5928
0.778,2.712,0.51
0.684,1.651,0.6717
0.62,1.475,0.4044
0.937,0.286,0.5799
0.992,2.662,0.1665
0.917,0.236,0.5989
0.942,2.845,0.1419
0.697,1.57,0.6163
0.984,1.157,0.4436
0.679,2.788,0.5545
0.981,0.268,0.6721
0.998,1.828,0.3634
0.885,1.737,0.6693
0.992,0.814,0.6
0.828,1.401,0.8694
0.704,2.026,0.6697
0.775,2.236,0.7374
0.837,0.202,0.4289
0.629,2.823,0.6618
0.849,0.661,0.709
0.992,0.854,0.5781
0.676,0.938,0.3352
0.917,0.306,0.5333
0.963,0.545,0.6089
0.977,2.962,0.1035
0.984,1.083,0.5977
0.809,0.523,0.5657
0.991,0.5,0.556
0.903,2.214,0.5124
0.665,2.593,0.5322
0.791,0.919,0.6621
0.887,0.259,0.5097
0.699,0.825,0.517
0.856,0.358,0.6355
0.867,0.49,0.4893
0.665,1.408,0.4456
0.826,0.844,0.6479
0.909,1.645,0.5656
0.8,0.91,0.6771
0.605,2.834,0.6488
0.604,2.737,0.6739
0.743,1.787,0.7863
0.97,1.192,0.5306
0.691,1.267,0.4843
0.854,1.353,0.7775
0.689,2.237,0.6277
0.729,1.465,0.7624
0.939,2.599,0.2605
0.892,2.843,0.2989
0.638,1.141,0.3321
0.771,1.77,0.7036
0.612,0.466,0.1079
0.792,0.761,0.5304
0.865,1.358,0.7735
0.647,0.777,0.2948
0.716,2.654,0.548
0.759,0.643,0.4665
0.968,1.476,0.3524
0.997,1.896,0.4492
0.618,2.137,0.4875
0.904,1.273,0.645
0.749,2.633,0.5022
0.757,1.791,0.8478
0.902,1.431,0.6832
0.967,0.388,0.5482
0.98,1.501,0.467
0.831,2.498,0.6396
0.743,1.921,0.7565
0.915,2.53,0.362
0.7,1.583,0.6233
0.826,0.532,0.4579
0.743,0.238,0.3454
0.863,1.049,0.7207
0.696,2.154,0.7002
0.677,2.413,0.4804
0.967,1.028,0.4988
0.641,1.588,0.4836
0.802,1.379,0.822
0.688,1.349,0.5879
0.616,0.848,0.2696
0.614,0.582,0.2199
0.67,0.751,0.3184
0.947,0.355,0.6262
0.713,0.755,0.4874
0.98,0.226,0.6
0.833,1.956,0.8399
0.775,1.086,0.7955
0.832,2.925,0.4525
0.807,0.742,0.4627
0.904,1.168,0.7387
0.713,1.202,0.6653
0.741,0.224,0.4463
0.958,2.55,0.3343
0.979,0.29,0.6863
0.957,2.833,0.2388
0.768,2.698,0.6162
0.912,1.699,0.7238
0.791,1.722,0.846
0.799,2.031,0.6905
0.682,1.284,0.545
0.836,2.012,0.7557
0.674,0.325,0.2482
0.733,0.351,0.3033
0.942,1.48,0.4896
0.683,1.739,0.5982
0.628,2.686,0.6227
0.628,0.493,0.2786
0.976,2.503,0.2945
0.803,0.788,0.6821
0.764,1.303,0.7663
0.924,1.086,0.5279
0.934,1.32,0.5768
0.733,0.621,0.4454
0.877,1.61,0.7055
0.908,2.445,0.4184
0.862,1.436,0.7909
0.661,1.574,0.6028
0.95,2.577,0.2654
0.816,2.177,0.61
0.713,1.573,0.6796
0.77,0.922,0.649
0.615,2.678,0.6476
0.651,1.816,0.5359
0.906,0.819,0.6365
0.6,0.954,0.2911
0.767,2.449,0.6308
0.809,0.324,0.5238
0.622,2.978,0.5813
0.989,0.565,0.5544
0.69,2.429,0.601
0.722,1.305,0.646
0.722,1.578,0.7524
0.692,2.666,0.5381
0.601,1.356,0.3937
0.892,1.705,0.6757
0.987,0.338,0.619
0.69,0.207,0.2204
0.865,0.885,0.6426
0.897,2.106,0.5692
0.939,0.54,0.5854
0.769,0.519,0.4848
0.721,1.351,0.7735
0.73,2.014,0.6737
0.885,2.194,0.5613
0.927,0.7,0.5054
0.673,0.423,0.2865
0.748,2.833,0.4719
0.961,0.93,0.5517
0.923,2.589,0.316
0.994,2.618,0.1989
0.902,2.363,0.4332
0.757,0.673,0.4944
0.836,2.501,0.6177
0.864,2.354,0.5661
0.631,1.871,0.5025
0.818,1.144,0.751
0.884,0.935,0.7363
0.667,0.541,0.2791
0.912,1.627,0.5994
0.834,1.839,0.7542
0.981,1.206,0.4972
0.617,1.531,0.4216
0.706,1.218,0.547
0.841,1.995,0.6781
0.719,2.724,0.5211
0.886,0.659,0.6254
0.904,1.268,0.6481
0.641,0.594,0.2429
0.806,1.95,0.8538
0.804,2.241,0.7568
0.748,2.809,0.5191
0.973,0.981,0.5207
0.931,2.861,0.1941
0.879,0.377,0.581
0.886,1.888,0.6494
0.785,0.36,0.4363
0.968,2.703,0.1672
0.878,1.683,0.6828
0.892,2.074,0.6049
0.945,2.528,0.2398
0.71,0.621,0.4591
0.923,0.308,0.5383
0.678,2.661,0.567
0.738,1.082,0.5815
0.734,0.561,0.4383
0.991,1.512,0.4493
0.943,1.875,0.4999
0.88,0.287,0.6092
0.891,0.97,0.6609
0.825,0.292,0.4474
0.979,1.377,0.4718
0.799,2.706,0.5492
0.752,2.951,0.5672
0.665,1.984,0.6144
0.914,0.653,0.6198
0.894,2.736,0.3796
0.754,1.645,0.8719
0.61,0.63,0.1072
0.936,2.781,0.2837
0.605,2.321,0.5975
0.881,2.249,0.486
0.988,2.186,0.2707
0.775,0.761,0.5453
0.694,0.791,0.3974
0.882,2.127,0.5721
0.927,0.815,0.6049
0.819,1.428,0.8694
0.987,2.39,0.3149
0.621,2.395,0.5188
0.802,1.469,0.7927
0.887,2.418,0.541
0.945,2.548,0.3314
0.672,2.033,0.616
0.92,0.84,0.6246
0.821,0.967,0.7028
0.759,1.082,0.7169
0.653,0.527,0.2405
0.946,0.965,0.5937
0.663,0.787,0.2829
0.724,1.475,0.6853
0.716,2.744,0.5262
0.949,0.493,0.558
0.869,2.217,0.5486
0.919,2.124,0.4718
0.7,0.468,0.262
0.85,2.783,0.4459
0.829,1.792,0.8006
0.933,1.218,0.5179
0.962,2.318,0.2887
0.605,0.921,0.293
0.87,2.142,0.5946
0.621,0.311,0.1046
0.82,2.55,0.5471
0.715,1.455,0.7101
0.723,1.983,0.6435
0.741,0.819,0.5805
0.849,2.096,0.6451
0.734,2.362,0.6453
0.893,1.525,0.6937
0.762,1.93,0.7572
0.627,1.478,0.4108
0.914,2.703,0.304
0.714,1.594,0.7909
0.773,2.557,0.5215
0.874,2.444,0.58
0.733,1.349,0.7049
0.623,0.844,0.2903
0.75,1.337,0.6981
0.978,2.513,0.2042
0.857,0.837,0.6264
0.869,1.668,0.694
0.853,2.457,0.5233
0.68,1.19,0.5079
0.767,1.998,0.8658
0.9,0.888,0.5682
0.641,0.506,0.2326
0.711,2.424,0.6293
0.711,0.477,0.3085
0.773,0.96,0.7007
0.992,2.594,0.1743
0.627,1.17,0.2636
0.807,2.925,0.4761
0.672,2.943,0.5125
0.988,0.951,0.4911
0.645,0.315,0.22
0.761,2.174,0.7016
0.895,1.463,0.7382
0.882,0.482,0.6245
0.769,2.181,0.688
0.739,0.287,0.398
0.759,2.637,0.5329
0.706,0.588,0.5014
0.682,0.556,0.2931
0.793,0.692,0.6341
0.707,2.889,0.5885
0.715,2.141,0.6921
0.863,2.444,0.4859
0.987,1.313,0.4952
0.841,1.142,0.6422
0.631,0.857,0.32
0.63,1.546,0.4993
0.981,1.745,0.4474
0.719,1.969,0.5612
0.637,0.92,0.2767
0.84,2.856,0.3755
0.849,0.675,0.6202
0.859,2.904,0.3789
0.707,0.242,0.2773
0.606,1.547,0.4664
0.986,1.133,0.475
0.7,1.458,0.6828
0.87,1.798,0.7449
0.883,1.42,0.7416
0.844,1.362,0.7829
0.725,2.252,0.7583
0.708,2.12,0.6942
0.839,2.533,0.4796
0.946,0.9,0.5916
0.979,1.907,0.4454
0.642,1.839,0.5186
0.662,1.235,0.5468
0.978,1.561,0.5006
0.895,1.079,0.5468
0.953,0.597,0.5906
0.681,0.799,0.3851
0.835,0.495,0.5753
0.88,2.113,0.6526
0.872,2.05,0.6578
0.763,2.862,0.5932
0.606,2.243,0.5309
0.833,0.346,0.5395
0.701,2.676,0.6128
0.78,2.615,0.5612
0.983,1.441,0.5304
0.76,1.84,0.7667
0.936,2.933,0.1878
0.675,1.69,0.5469
0.869,2.735,0.4112
0.991,0.433,0.6158
0.641,0.735,0.353
0.603,1.434,0.445
0.773,1.837,0.7969
0.637,2.485,0.5119
0.899,2.967,0.2931
0.966,1.289,0.5951
0.774,0.333,0.469
0.703,2.443,0.6628
0.774,1.892,0.7909
0.889,0.756,0.5893
0.604,1.586,0.4012
0.836,2.278,0.6348
0.845,2.357,0.5848
0.855,1.599,0.793
0.697,1.055,0.5272
0.886,2.926,0.302
0.637,2.057,0.5148
0.68,1.343,0.6161
0.951,0.985,0.5785
0.895,2.247,0.5097
0.605,0.878,0.228
0.699,0.681,0.3407
0.686,1.684,0.7052
0.708,1.012,0.5774
0.699,1.961,0.5894
0.625,0.53,0.2429
0.784,2.034,0.8167
0.893,0.993,0.6593
0.843,0.201,0.5688
0.869,0.555,0.5867
0.632,2.814,0.5188
0.981,2.629,0.2239
0.935,0.854,0.6001
0.922,2.379,0.3752
0.929,1.904,0.561
0.973,2.919,0.0595
0.818,1.246,0.8417
0.68,2.108,0.5791
0.847,0.378,0.4772
0.897,1.309,0.6783
0.895,2.899,0.3195
0.809,1.709,0.8429
0.627,1.006,0.3072
0.748,0.537,0.4315
0.968,2.17,0.3038
0.834,2.006,0.7313
0.815,1.247,0.8467
0.708,2.863,0.5485
0.747,0.262,0.4102
0.958,1.05,0.638
0.867,2.779,0.3597
0.915,1.099,0.6228
0.782,0.906,0.7653
0.852,1.696,0.8525
0.699,2.507,0.512
0.882,0.489,0.5844
0.771,2.84,0.5076
0.777,2.426,0.6757
0.86,0.708,0.5764
0.975,2.194,0.2984
0.626,1.278,0.3792
0.93,1.326,0.5806
0.717,2.393,0.6682
0.778,2.896,0.4283
0.609,0.555,0.1508
0.72,1.378,0.6024
0.801,1.547,0.8915
0.622,1.254,0.4641
0.796,1.217,0.7653
0.971,0.346,0.5804
0.642,2.12,0.5871
0.906,1.421,0.7398
0.764,0.745,0.5852
0.862,2.485,0.4696
0.704,2.447,0.5269
0.664,1.562,0.5106
0.664,1.036,0.4443
0.628,1.987,0.5037
0.674,1.007,0.4675
0.866,0.861,0.625
0.953,2.245,0.3213
0.926,0.313,0.5079
0.874,0.465,0.6371
0.644,0.219,0.2041
0.716,0.628,0.5118
0.724,0.393,0.3892
0.7,2.988,0.523
0.806,1.009,0.7825
0.814,0.618,0.5719
0.743,0.875,0.5895
0.742,2.821,0.5327
0.931,1.656,0.4287
0.916,1.221,0.7193
0.723,2.645,0.6009
0.966,1.306,0.5549
0.981,1.138,0.5283
0.731,0.78,0.5234
0.742,1.258,0.6847
0.802,1.087,0.7735
0.976,2.096,0.2977
0.951,1.011,0.5845
0.641,1.816,0.5715
0.757,0.384,0.4102
0.821,0.736,0.6384
0.801,1.341,0.7649
0.678,2.823,0.5182
0.944,1.256,0.5944
0.871,2.059,0.682
0.935,0.914,0.4969
0.944,0.556,0.6018
0.899,0.364,0.5276
0.776,1.055,0.6977
0.844,0.641,0.5277
0.664,0.687,0.2872
0.869,2.33,0.5986
0.672,0.244,0.2197
0.878,1.762,0.6904
0.692,1.262,0.5775
0.647,1.618,0.557
0.666,1.776,0.6178
0.601,1.077,0.3078
0.887,1.026,0.7215
0.893,2.254,0.5713
0.806,2.64,0.5548
0.665,0.739,0.35
0.633,0.473,0.2379
0.608,2.714,0.6095
0.666,1.18,0.542
0.956,1.744,0.541
0.697,1.207,0.5301
0.742,0.552,0.3956
0.642,1.85,0.5135
0.689,1.67,0.6961
0.808,0.768,0.5458
0.843,1.465,0.8234
0.698,2.431,0.6249
0.623,1.853,0.5729
0.756,0.471,0.4568
0.694,1.734,0.5959
0.688,2.168,0.5823
0.984,2.42,0.1983
0.847,1.962,0.7067
0.823,0.627,0.5732
0.766,2.188,0.6584
0.772,2.097,0.8218
0.816,0.268,0.4057
0.879,1.353,0.7959
0.881,1.132,0.7552
0.669,2.074,0.6503
0.8,0.805,0.5989
0.765,1.854,0.8176
0.948,2.757,0.1678
0.853,2.434,0.5895
0.813,2.78,0.4737
0.646,2.94,0.5683
0.842,0.23,0.4318
0.647,1.944,0.44
0.735,1.356,0.672
0.657,2.608,0.6318
0.877,0.905,0.6342
0.683,2.947,0.5518
0.757,1.918,0.813
0.958,2.422,0.3994
0.682,0.44,0.3577
0.803,0.714,0.5516
0.768,2.324,0.5743
0.607,0.262,0.222
0.917,2.487,0.4946
0.628,0.239,0.1435
0.79,2.04,0.705
0.824,1.222,0.8316
0.851,1.912,0.7326
0.875,2.149,0.5993
0.701,1.159,0.6248
0.604,0.502,0.1766
0.889,0.395,0.4941
0.814,1.849,0.7925
0.934,1.658,0.6013
0.929,2.278,0.4486
0.937,1.627,0.5783
0.794,1.383,0.8673
0.733,1.315,0.6924
0.917,0.274,0.5691
0.781,1.14,0.5744
0.673,2.933,0.5448
0.942,2.646,0.3145
0.953,1.122,0.5503
0.787,1.846,0.7934
0.63,2.572,0.5221
0.755,1.436,0.8342
0.921,0.25,0.5908
0.961,0.409,0.626
0.681,1.629,0.5363
0.627,2.914,0.5949
0.951,2.141,0.3954
0.756,0.399,0.4083
0.817,0.73,0.5848
0.987,2.36,0.251
0.627,2.556,0.616
0.859,1.93,0.6198
0.63,2.004,0.6293
0.75,0.279,0.4011
0.922,2.52,0.3577
0.773,2.407,0.6875
0.999,0.925,0.4684
0.824,2.184,0.6599
0.728,0.802,0.5125
0.688,0.313,0.3364
0.74,0.763,0.526
0.749,0.7,0.5429
0.627,1.146,0.3536
0.748,1.372,0.7814
0.786,1.624,0.9222
0.889,1.535,0.7554
0.863,0.958,0.6769
0.884,0.282,0.5709
0.603,1.894,0.5208
0.687,1.308,0.6069
0.865,1.036,0.7547
0.794,2.627,0.6066
0.602,2.291,0.5373
0.922,2.602,0.3648
0.909,1.586,0.6282
0.819,0.567,0.5135
0.627,2.149,0.5338
0.907,0.777,0.6007
0.833,1.435,0.7306
0.913,0.382,0.6057
0.901,2.511,0.2715
0.921,0.553,0.7116
0.807,2.729,0.5771
0.656,2.62,0.5627
0.868,1.501,0.757
0.848,2.284,0.6283
0.897,1.934,0.5867
0.668,2.449,0.5946
0.678,1.409,0.5713
0.956,2.4,0.3151
0.9,1.495,0.6878
0.963,2.835,0.1164
0.903,1.562,0.6671
0.839,1.495,0.8195
0.862,2.398,0.5464
0.956,2.5,0.2801
0.832,1.753,0.8646
0.853,0.703,0.5959
0.663,1.51,0.5662
0.79,2.911,0.5352
0.887,2.308,0.5143
0.708,2.471,0.6171
0.681,0.292,0.2434
0.726,1.51,0.7913
0.697,2.011,0.6487
0.686,2.524,0.6522
0.77,0.338,0.4217
0.963,2.587,0.2073
0.803,1.736,0.8679
0.675,0.752,0.3608
0.631,1.088,0.4061
0.878,0.989,0.5345
0.753,1.686,0.7997
0.929,0.345,0.5461
0.864,0.644,0.5432
0.918,2.476,0.3537
0.709,0.571,0.3613
0.877,0.854,0.64
0.706,1.469,0.6006
0.976,1.648,0.4863
0.855,2.338,0.6473
0.73,1.453,0.7452
0.708,2.412,0.6575
0.676,1.931,0.6784
0.878,0.517,0.6312
0.687,0.638,0.4598
0.838,1.424,0.7821
0.706,1.311,0.6001
0.865,2.282,0.6189
0.926,1.826,0.5952
0.911,1.287,0.6902
0.904,0.678,0.6869
0.675,0.835,0.4039
0.635,1.811,0.553
0.88,1.386,0.679
0.747,1.642,0.8961
0.773,0.678,0.5345
0.612,2.056,0.5083
0.704,2.587,0.5677
0.613,0.922,0.2603
0.952,1.576,0.4997
0.697,2.931,0.5235
0.823,1.133,0.6905
0.616,1.866,0.465
0.867,0.453,0.6514
0.729,1.897,0.7763
0.959,0.451,0.628
0.955,2.886,0.2433
0.73,2.204,0.7752
0.96,2.407,0.2198
0.998,2.171,0.238
0.93,1.851,0.5019
0.938,1.46,0.5596
0.7,2.603,0.5669
0.831,2.879,0.3984
0.627,1.597,0.4949
0.638,2.808,0.5881
1.0,1.833,0.3484
0.731,1.707,0.6454
0.899,1.473,0.6316
0.923,0.786,0.5661
0.943,0.21,0.5699
0.999,0.876,0.4906
0.697,1.627,0.6398
0.616,1.264,0.3328
0.764,1.456,0.7967
0.652,2.946,0.5305
0.609,1.181,0.3115
0.744,1.466,0.7012
0.913,0.574,0.5699
0.826,0.334,0.4555
0.725,2.371,0.6837
0.862,1.798,0.7625
0.693,2.33,0.6134
0.606,0.62,0.1544
0.906,1.801,0.6423
0.849,0.91,0.7118
0.905,0.839,0.6218
0.616,0.232,0.1914
0.935,0.565,0.5987
0.848,1.066,0.7699
0.825,0.527,0.5581
0.85,2.96,0.3997
0.946,1.064,0.5413
0.835,0.565,0.5455
0.832,0.757,0.6481
0.996,1.846,0.4047
0.903,0.379,0.5833
0.777,2.615,0.6237
0.883,2.892,0.2519
0.756,0.891,0.5613
0.692,1.46,0.639
0.839,0.262,0.4592
0.971,1.994,0.5714
0.972,1.359,0.5479
0.737,0.956,0.594
0.811,0.779,0.6052
0.685,2.031,0.6125
0.998,1.365,0.4819
0.992,0.703,0.5741
0.86,2.13,0.6262
0.922,1.782,0.5673
0.886,2.604,0.4771
0.837,0.529,0.6286
0.621,2.4,0.5741
0.782,2.086,0.6869
0.87,0.522,0.5958
0.871,2.145,0.6951
0.749,1.436,0.8413
0.977,2.846,0.1919
0.667,0.597,0.3791
0.8,2.0,0.781
0.876,1.27,0.756
0.879,2.879,0.3009
0.859,1.124,0.7407
0.71,2.894,0.6106
0.662,2.724,0.5446
0.854,0.957,0.6446
0.84,2.45,0.5655
0.672,2.988,0.5576
0.882,0.907,0.6823
0.782,1.423,0.7965
0.867,1.657,0.8376
0.935,1.026,0.5313
0.668,0.243,0.2732
0.608,0.816,0.2138
0.912,0.989,0.5364
0.844,1.442,0.8127
0.88,0.679,0.5888
0.935,2.645,0.2347
0.921,2.174,0.3918
0.984,0.439,0.5945
0.814,2.02,0.8114
0.795,2.03,0.8001
0.761,2.877,0.5113
0.661,0.208,0.2136
0.829,0.894,0.6769
0.711,2.798,0.4827
0.969,2.81,0.1078
0.833,2.218,0.6559
0.837,2.344,0.6003
0.742,0.456,0.4595
0.621,1.639,0.5169
0.613,0.848,0.3008
0.769,0.707,0.5438
0.634,2.469,0.5002
0.843,0.578,0.5964
0.952,1.512,0.5697
0.953,2.828,0.0833
0.864,0.72,0.5745
0.684,2.938,0.5243
0.945,2.984,0.1847
0.954,1.756,0.4578
0.679,0.676,0.3571
0.895,1.085,0.6542
0.715,1.389,0.6707
0.921,1.066,0.5834
0.999,0.986,0.5015
0.612,2.922,0.5628
0.959,0.629,0.5936
0.849,2.253,0.6525
0.989,0.201,0.5901
0.786,1.869,0.8884
0.939,2.765,0.2323
0.625,1.006,0.4161
0.734,0.719,0.4663
0.627,2.025,0.4362
0.99,2.195,0.3288
0.927,2.126,0.4885
0.941,1.094,0.5903
0.975,0.906,0.5235
0.634,2.877,0.5921
0.754,2.785,0.5087
0.628,1.48,0.4499
0.684,2.569,0.6249
0.692,1.467,0.6384
0.788,1.388,0.8483
0.707,0.639,0.3992
0.64,1.394,0.4575
0.667,1.705,0.5344
0.659,0.263,0.1796
0.989,1.444,0.3141
0.904,2.388,0.4175
0.987,2.104,0.3352
0.776,1.978,0.8115
0.711,2.747,0.5476
0.919,0.25,0.5791
0.731,1.76,0.6437
0.72,2.405,0.6239
0.693,1.716,0.5765
0.652,1.107,0.3697
0.703,0.582,0.3709
0.742,2.685,0.6281
0.87,1.518,0.7725
0.625,2.659,0.5821
0.684,1.84,0.6407
0.924,2.088,0.4607
0.659,2.452,0.5523
0.737,2.046,0.7494
0.946,1.315,0.5058
0.662,1.638,0.602
0.633,2.449,0.5489
0.794,1.246,0.83
0.721,1.287,0.7195
0.825,0.468,0.4497
0.922,2.761,0.2552
0.655,0.455,0.1983
0.832,2.015,0.651
0.802,1.357,0.7662
0.658,1.336,0.6282
0.85,2.103,0.7112
0.709,0.388,0.4282
0.795,1.862,0.8561
0.633,2.362,0.5272
0.784,2.519,0.5783
0.723,0.677,0.4875
0.929,2.713,0.3053
0.623,2.037,0.5048
0.767,2.669,0.4813
0.783,1.559,1.0
0.89,1.718,0.6765
0.83,2.773,0.4389
0.867,2.72,0.414
0.911,1.455,0.6399
0.945,0.968,0.5879
0.726,1.301,0.7517
0.815,1.286,0.7959
0.936,1.003,0.5353
0.996,0.952,0.5313
0.956,2.611,0.2348
0.749,0.396,0.4803
0.678,2.097,0.6791
0.796,0.684,0.5875
0.897,1.165,0.608
0.797,0.372,0.4144
0.793,0.956,0.6888
0.935,2.352,0.3996
0.745,2.678,0.5462
0.944,0.82,0.5557
0.763,1.498,0.7762
0.731,1.517,0.7432
0.782,2.646,0.4354
0.905,2.336,0.4073
0.65,1.637,0.5117
0.679,2.078,0.683
0.981,2.573,0.1802
0.67,0.227,0.2198
0.827,1.328,0.8162
0.832,2.74,0.5283
0.796,2.273,0.7478
0.858,1.72,0.7616
0.692,1.683,0.6322
0.821,1.174,0.7382
0.749,1.657,0.78
0.865,2.035,0.6491
0.656,1.371,0.5386
0.828,2.2,0.7018
0.674,2.611,0.6071
0.711,0.633,0.4807
0.687,1.464,0.71
0.673,1.342,0.5563
0.93,2.125,0.5223
0.714,0.9,0.5057
0.971,1.993,0.4627
0.988,2.657,0.2379
0.829,1.371,0.8615
0.657,2.751,0.5804
0.75,2.981,0.466
0.919,0.497,0.5016
0.747,0.853,0.5759
0.635,2.861,0.669
0.823,2.883,0.4165
0.938,0.474,0.6137
0.918,0.242,0.6031
0.67,0.651,0.3173
0.869,2.989,0.3895
0.688,0.704,0.2441
0.687,1.607,0.5754
0.95,2.576,0.2352
0.7,0.257,0.235
0.705,1.893,0.7063
0.6,0.976,0.2976
0.948,2.615,0.2922
0.917,0.994,0.6493
0.851,2.123,0.6228
0.9,2.088,0.5
0.661,0.82,0.3844
0.783,0.297,0.4041
0.74,1.346,0.6562
0.638,1.01,0.4166
0.794,2.465,0.6804
0.968,2.441,0.3603
0.616,1.48,0.4484
0.717,1.898,0.745
0.683,1.892,0.7074
0.695,2.516,0.5606
0.963,1.39,0.5897
0.787,0.971,0.7022
0.787,0.942,0.722
0.904,1.701,0.6554
0.662,1.458,0.6081
0.795,1.432,0.8402
0.772,0.455,0.393
0.839,2.212,0.7321
1.0,0.798,0.5094
0.908,0.751,0.6631
0.759,1.356,0.7707
0.931,0.838,0.6498
0.668,1.835,0.6609
0.612,1.24,0.3972
0.682,1.457,0.6243
0.736,1.704,0.7878
0.804,0.77,0.522
0.846,0.636,0.5995
0.964,2.665,0.1702
0.804,1.414,0.8367
0.801,1.354,0.7598
0.62,0.3,0.0761
0.614,1.594,0.5385
0.82,1.752,0.8745
0.775,1.765,0.8223
0.936,2.18,0.4455
0.664,0.697,0.3208
0.61,0.906,0.3101
0.78,2.47,0.5834
0.695,2.852,0.6064
0.62,0.581,0.1962
0.89,1.593,0.6784
0.645,0.8,0.3226
0.843,0.368,0.4922
0.712,1.111,0.6113
0.669,0.602,0.2878
0.752,2.188,0.7321
0.921,1.694,0.6617
0.757,0.603,0.4602
0.9,0.226,0.539
0.65,2.463,0.5984
0.909,0.693,0.5701
0.695,1.897,0.6887
0.871,1.143,0.7417
0.826,1.839,0.8527
0.972,1.084,0.5165
0.755,0.443,0.3884
0.626,0.824,0.275
0.608,0.727,0.1786
0.931,1.398,0.6331
0.81,2.043,0.7006
0.91,0.939,0.7396
0.694,0.234,0.3233
0.738,1.653,0.7709
0.612,1.896,0.5469
0.985,2.896,0.0462
0.867,1.851,0.8443
0.973,1.519,0.4677
0.706,1.806,0.6893
0.845,2.798,0.3297
0.871,2.519,0.4963
0.727,1.104,0.5746
0.939,0.864,0.59
0.979,0.935,0.5238
0.954,1.612,0.4713
0.896,2.283,0.4646
0.711,1.609,0.7132
0.713,0.39,0.2746
0.985,2.226,0.2718
0.604,2.457,0.5972
0.886,1.011,0.7959
0.882,2.06,0.6419
0.849,1.394,0.7424
0.996,2.69,0.1435
0.725,2.567,0.5944
0.736,1.671,0.7487
0.632,2.136,0.5973
0.777,2.673,0.5604
0.704,1.588,0.7277
0.737,1.077,0.6293
0.934,2.31,0.466
0.974,0.816,0.5537
0.674,1.288,0.4912
0.749,2.624,0.6869
0.971,2.228,0.2456
0.625,1.331,0.3869
0.637,0.801,0.274
0.665,1.197,0.6162
0.838,0.995,0.8005
0.66,0.693,0.398
0.987,2.281,0.2737
0.779,0.906,0.7741
0.801,1.472,0.8538
0.699,1.28,0.6567
0.788,2.95,0.4712
0.865,1.295,0.7471
0.9,0.424,0.5485
0.902,0.452,0.5538
0.831,1.854,0.8191
0.962,1.878,0.4714
0.927,1.373,0.6132
0.903,1.409,0.7491
0.622,0.351,0.0034
0.603,1.646,0.4742
0.685,1.613,0.6671
0.865,0.619,0.6478
0.764,0.491,0.4646
0.761,0.546,0.4925
0.954,0.483,0.6279
0.958,1.907,0.5294
0.964,0.75,0.5545
0.726,0.904,0.5654
0.876,0.686,0.6884
0.709,2.882,0.4395
0.676,2.593,0.5443
0.674,0.845,0.4773
0.737,1.117,0.713
0.772,0.788,0.6208
0.932,1.577,0.5626
0.648,0.255,0.1311
0.894,2.08,0.5508
0.813,1.665,0.914
0.715,2.716,0.5332
0.797,0.66,0.5795
0.72,2.452,0.5787
0.838,2.417,0.6183
0.774,0.556,0.4785
0.666,1.316,0.5182
0.647,0.676,0.2043
0.819,0.913,0.6035
0.961,0.937,0.5657
0.738,1.757,0.7015
0.893,1.352,0.8009
0.863,2.854,0.2682
0.973,0.554,0.5395
0.928,2.926,0.2261
0.827,0.846,0.6427
0.863,2.364,0.4958
0.959,1.149,0.5113
0.76,0.601,0.4509
0.731,2.602,0.5709
0.604,1.065,0.4126
0.931,2.045,0.4941
0.92,1.786,0.6435
0.642,1.521,0.5291
0.831,1.588,0.879
0.786,2.25,0.5566
0.647,0.446,0.209
0.992,2.071,0.4039
0.686,2.708,0.5418
0.627,0.362,0.2519
0.838,0.594,0.6531
0.896,2.207,0.5093
0.613,1.424,0.3959
0.863,1.33,0.7055
0.813,0.584,0.529
0.641,1.619,0.4572
0.669,0.554,0.3207
0.827,1.535,0.7539
0.719,2.338,0.6708
0.975,0.923,0.586
0.927,1.546,0.5182
0.993,2.978,0.1706
0.704,2.123,0.6875
0.988,2.556,0.25
0.772,1.362,0.759
0.739,2.35,0.6841
0.62,0.313,0.1956
0.621,0.544,0.1963
0.877,0.769,0.7232
0.783,1.325,0.8031
0.691,2.568,0.6418
0.846,1.17,0.768
0.701,2.033,0.6977
0.831,2.186,0.5981
0.744,1.841,0.7911
0.929,1.2,0.5736
0.928,1.816,0.513
0.791,1.158,0.8475
0.74,0.435,0.396
0.745,2.98,0.4542
0.922,0.556,0.5576
0.731,0.403,0.314
0.684,2.66,0.6465
0.634,1.045,0.3349
0.787,2.021,0.8011
0.793,1.121,0.817
0.936,1.296,0.5708
0.688,0.934,0.4972
0.752,1.161,0.655
0.923,1.35,0.7466
0.929,2.217,0.4874
0.754,1.632,0.791
0.784,2.842,0.4558
0.721,0.317,0.3286
0.973,1.609,0.466
0.647,1.836,0.6562
0.973,2.777,0.1173
0.874,0.338,0.5441
0.813,1.806,0.8177
0.613,2.59,0.5719
0.79,0.877,0.6484
0.763,2.654,0.5582
0.664,0.253,0.2502
0.863,2.251,0.6272
0.988,2.813,0.1637
0.825,2.04,0.5919
0.886,1.429,0.7302
0.627,0.326,0.072
0.767,2.776,0.5598
0.647,1.517,0.5885
0.845,0.281,0.459
0.975,2.131,0.3428
0.865,1.549,0.7342
0.631,0.548,0.2823
0.742,0.8,0.5512
0.82,0.381,0.5913
0.761,1.808,0.8236
0.933,1.942,0.5229
0.926,1.616,0.601
0.845,2.488,0.5776
0.749,2.611,0.4939
0.702,1.924,0.6846
0.642,0.236,0.1567
0.742,2.147,0.747
0.765,1.37,0.7792
0.87,1.784,0.6721
0.863,2.017,0.6804
0.628,1.181,0.3394
0.758,2.768,0.4394
0.673,0.575,0.35
0.663,2.08,0.624
0.931,0.212,0.5948
0.617,2.789,0.6626
0.768,0.515,0.4482
0.667,0.466,0.1975
0.952,1.132,0.5681
0.823,1.246,0.7725
0.693,0.8,0.3915
0.801,1.838,0.8143
0.893,1.44,0.6681
0.983,0.296,0.5184
0.688,1.095,0.5013
0.954,2.469,0.2457
0.974,2.131,0.3713
0.967,2.23,0.3145
0.854,2.155,0.7077
0.852,1.071,0.802
0.761,0.479,0.4927
0.901,0.963,0.5598
0.813,2.529,0.6435
0.871,2.945,0.4105
0.771,1.583,0.8257
0.893,0.227,0.6056
0.93,0.592,0.5494
0.659,1.102,0.3523
0.933,1.82,0.5027
0.816,0.41,0.5955
0.938,2.841,0.1544
0.773,1.222,0.7606
0.752,2.755,0.5448
0.966,2.385,0.2774
0.7,2.315,0.6049
0.938,1.899,0.5137
0.794,1.955,0.7645
0.806,1.986,0.7082
0.723,1.96,0.7309
0.829,1.75,0.8648
0.73,2.962,0.5646
0.616,2.25,0.5057
0.709,2.375,0.5617
0.603,2.643,0.5729
0.991,0.804,0.6363
0.986,0.435,0.6289
0.758,1.552,0.8391
0.891,1.639,0.7354
0.738,2.522,0.6268
0.868,1.443,0.7615
0.922,1.798,0.6097
0.979,1.676,0.4313
0.76,0.307,0.3307
0.913,1.923,0.6088
0.706,2.519,0.6591
0.996,0.641,0.5201
0.61,1.864,0.5377
0.841,1.862,0.8545
0.864,0.66,0.6004
0.875,0.546,0.5333
0.648,2.944,0.5936
0.975,1.302,0.4945
0.672,0.837,0.3666
0.849,0.68,0.6285
0.689,2.069,0.5616
0.723,1.906,0.6534
0.819,2.002,0.765
0.767,0.446,0.4554
0.664,2.702,0.5914
0.668,1.29,0.618
0.767,1.077,0.7088
0.903,1.495,0.7011
0.959,1.292,0.5019
0.634,2.618,0.6153
0.757,2.802,0.5019
0.64,1.05,0.3889
0.607,2.619,0.5773
0.865,2.388,0.5893
0.841,2.806,0.3606
0.665,0.888,0.2821
0.694,1.815,0.6536
0.609,0.969,0.3215
0.934,2.507,0.3434
0.99,0.215,0.6892
0.654,1.781,0.5902
0.693,1.15,0.5245
0.947,1.104,0.4621
0.971,2.006,0.3885
0.768,2.584,0.6348
0.62,1.906,0.4967
0.616,2.589,0.5786
0.83,0.941,0.7156
0.757,1.655,0.7555
0.611,1.462,0.4576
0.833,0.233,0.5662
0.605,1.759,0.463
0.915,2.052,0.4745
0.723,1.857,0.7266
0.616,2.262,0.4359
0.835,1.8,0.8106
0.759,0.387,0.4469
0.99,0.526,0.6718
0.818,1.87,0.7913
0.71,0.97,0.5595
0.884,0.423,0.5119
0.709,1.403,0.6471
0.962,1.752,0.4046
0.75,1.12,0.6781
0.82,2.217,0.6696
0.62,2.003,0.5421
0.77,1.132,0.6968
0.933,2.314,0.4048
0.922,2.016,0.5046
0.69,1.985,0.6331
0.69,1.75,0.6595
0.927,0.232,0.5697
0.972,2.15,0.3959
0.638,1.253,0.4298
0.78,2.839,0.4815
0.735,2.49,0.6041
0.948,1.846,0.4586
0.633,0.906,0.3107
0.684,0.77,0.5059
0.901,1.153,0.6169
0.621,1.534,0.4452
0.797,1.029,0.6994
0.777,1.642,0.8189
0.734,0.663,0.4593
0.758,2.938,0.513
0.812,0.502,0.4468
0.665,2.809,0.6249
0.829,2.758,0.4935
0.922,1.671,0.5376
0.904,2.23,0.3886
0.662,1.421,0.4861
0.66,1.964,0.5771
0.707,1.154,0.7242
0.744,1.043,0.6754
0.763,1.819,0.7133
0.872,1.595,0.7108
0.623,1.823,0.5073
0.614,1.003,0.3285
0.757,1.227,0.6707
0.879,0.435,0.5483
0.677,0.346,0.2199
0.857,0.91,0.6172
0.704,0.408,0.34
0.954,0.491,0.6172
0.958,2.476,0.3348
0.719,0.309,0.3561
0.692,2.045,0.6247
0.765,0.963,0.6907
0.696,2.64,0.5924
0.869,1.558,0.761
0.93,1.056,0.5733
0.869,1.649,0.7221
0.93,1.269,0.6141
0.759,1.78,0.9251
0.663,0.521,0.2907
0.895,2.992,0.2425
0.744,1.392,0.7116
0.869,1.175,0.699
0.708,2.189,0.7673
0.632,1.219,0.3938
0.997,2.533,0.248
0.662,1.472,0.5288
0.995,2.215,0.3066
0.991,0.501,0.631
0.918,2.569,0.3239
0.864,2.26,0.5583
0.831,0.793,0.7259
0.946,0.607,0.6252
0.716,1.086,0.6346
0.787,2.933,0.5073
0.848,0.919,0.7039
0.764,1.477,0.9073
0.771,0.284,0.4152
0.732,1.312,0.7356
0.826,1.8,0.7343
0.94,2.869,0.1759
0.681,1.647,0.5623
0.974,2.494,0.3201
0.876,1.732,0.5918
0.929,0.314,0.5491
0.822,1.082,0.593
0.912,1.812,0.5618
0.606,2.862,0.5891
0.927,2.606,0.3888
0.616,0.839,0.2942
0.956,0.816,0.5298
0.997,0.763,0.615
0.718,2.783,0.5546
0.684,2.587,0.5828
0.906,2.37,0.3873
0.701,1.3,0.5703
0.946,1.612,0.503
0.641,1.5,0.5006
0.65,0.91,0.3718
0.992,1.614,0.5237
0.87,0.285,0.5462
0.939,0.569,0.4399
0.73,2.682,0.5811
0.871,2.305,0.4848
0.838,1.384,0.7547
0.841,1.648,0.7642
0.873,1.236,0.6929
0.83,2.274,0.5792
0.772,2.396,0.6566
0.71,2.337,0.5624
0.907,2.223,0.5137
0.691,0.773,0.5315
0.877,1.146,0.638
0.693,1.516,0.6275
0.85,1.126,0.6111
0.899,2.314,0.4707
0.687,1.122,0.5623
0.624,0.587,0.2545
0.652,1.317,0.4913
0.842,2.944,0.4279
0.94,0.832,0.711
0.618,1.914,0.6
0.894,1.412,0.6698
0.737,0.399,0.3151
0.791,1.566,0.8195
0.972,2.166,0.3071
0.733,1.637,0.7808
0.786,2.642,0.4935
0.605,1.009,0.2979
0.633,0.441,0.2369
0.703,2.822,0.5498
0.611,1.259,0.3308
0.853,1.814,0.8182
0.771,2.418,0.5445
0.819,1.108,0.7357
0.67,2.205,0.5992
0.718,0.579,0.4139
0.866,1.016,0.7019
0.986,0.605,0.6087
0.62,2.471,0.565
0.956,0.823,0.553
0.831,2.209,0.6531
0.826,2.841,0.4095
0.8,1.678,0.8791
0.628,1.712,0.4716
0.636,1.491,0.5267
0.84,1.112,0.7442
0.736,1.532,0.7321
0.967,1.888,0.4695
0.763,2.961,0.4532
0.657,2.826,0.6086
0.886,2.614,0.4172
0.717,2.69,0.5388
0.81,1.51,0.864
0.879,2.041,0.6603
0.96,2.706,0.2809
0.917,1.3,0.6873
0.871,2.893,0.3715
0.872,1.364,0.6869
0.978,1.883,0.5369
0.718,2.187,0.6017
0.6,2.862,0.6665
0.709,0.885,0.526
0.687,2.289,0.557
0.865,1.658,0.7505
0.853,0.952,0.683
0.837,2.374,0.661
0.606,1.746,0.4367
0.892,2.051,0.5835
0.729,1.104,0.5187
0.866,1.548,0.8484
0.823,1.929,0.7273
0.737,1.334,0.7405
0.654,0.755,0.3232
0.638,2.893,0.5874
0.933,1.632,0.6177
0.967,2.255,0.4222
0.86,1.351,0.7779
0.641,1.194,0.4613
0.761,1.34,0.791
0.892,1.346,0.7498
0.912,1.724,0.5971
0.647,1.722,0.6006
0.6,1.592,0.4893
0.885,0.577,0.635
0.743,1.589,0.7441
0.702,0.673,0.402
0.605,0.553,0.1874
0.816,2.811,0.3944
0.94,1.894,0.5838
0.983,2.047,0.3622
0.826,1.325,0.8191
0.806,2.745,0.4691
0.634,1.986,0.4787
0.82,2.354,0.5999
0.752,1.232,0.7398
0.843,2.888,0.432
0.755,2.497,0.6218
0.696,2.591,0.6004
0.638,0.682,0.2557
0.726,0.959,0.5989
0.639,1.0,0.442
0.671,0.959,0.4685
0.995,2.595,0.2299
0.778,0.289,0.4396
0.813,0.413,0.4307
0.949,0.967,0.5241
0.998,0.76,0.5847
0.833,0.849,0.6617
0.925,2.434,0.4022
0.731,1.777,0.837
0.722,0.216,0.345
0.761,1.402,0.8515
0.869,1.342,0.7519
0.873,0.519,0.5282
0.726,2.093,0.6992
0.653,2.166,0.5396
0.853,2.219,0.708
0.651,2.24,0.617
0.831,0.2,0.5018
0.877,2.871,0.4023
0.88,2.48,0.3666
0.901,2.731,0.3645
0.949,0.244,0.5201
0.8,2.815,0.4831
0.892,2.467,0.4301
0.848,2.544,0.5421
0.675,0.461,0.2945
0.61,2.269,0.6123
0.714,2.888,0.512
0.777,2.1,0.7845
0.847,1.798,0.7822
0.94,2.848,0.1413
0.678,1.44,0.5402
0.65,1.878,0.5594
0.985,1.534,0.528
0.643,2.812,0.6069
0.791,0.413,0.4225
0.834,1.603,0.8111
0.817,2.123,0.8259
0.634,2.417,0.5731
0.623,1.832,0.495
0.642,2.745,0.6055
0.834,2.838,0.4659
0.818,0.38,0.479
0.693,1.327,0.6298
0.855,0.266,0.4953
0.928,1.122,0.6469
0.617,1.703,0.4905
0.799,2.75,0.5284
0.876,2.57,0.4057
0.701,0.557,0.3272
0.723,0.46,0.4295
0.845,1.85,0.7615
0.959,1.69,0.5137
0.924,0.946,0.5906
0.833,2.718,0.5134
0.892,2.797,0.3031
0.746,1.327,0.7357
0.856,2.693,0.4769
0.786,1.275,0.85
0.676,2.263,0.5789
0.881,1.533,0.8253
0.823,0.543,0.5702
0.743,2.798,0.4859
0.965,1.471,0.5404
0.608,2.257,0.5233
0.726,1.228,0.6903
0.623,0.253,0.1265
0.907,0.481,0.5722
0.881,1.589,0.6776
0.733,2.132,0.7526
0.87,1.137,0.6556
0.758,2.147,0.6696
0.903,2.156,0.5503
0.782,2.171,0.8064
0.765,1.579,0.7985
0.974,2.762,0.2171
0.7,1.57,0.7227
0.648,1.461,0.5489
0.834,0.758,0.6154
0.988,1.061,0.4779
0.751,0.319,0.2789
0.625,1.974,0.5173
0.736,0.896,0.631
0.802,1.052,0.6738
0.665,2.358,0.6225
0.863,1.116,0.6717
0.999,0.878,0.5524
0.781,0.673,0.5959
0.742,2.37,0.6158
0.76,0.563,0.4958
0.646,1.471,0.4838
0.953,1.619,0.5612
0.766,2.125,0.7485
0.755,1.973,0.7697
0.864,2.47,0.585
0.777,0.325,0.4671
0.859,1.03,0.6686
0.625,0.984,0.3281
0.925,0.609,0.5749
0.976,1.01,0.5516
0.86,1.067,0.8392
0.982,1.661,0.4739
0.661,2.058,0.4894
0.791,1.267,0.7652
0.841,2.215,0.5579
0.833,1.141,0.7403
0.761,1.013,0.5682
0.735,1.715,0.7208
0.651,0.266,0.1071
0.757,0.423,0.4513
0.665,1.37,0.5339
0.894,2.84,0.3325
0.684,2.22,0.6136
0.623,0.447,0.1093
0.821,2.57,0.5672
0.838,2.25,0.7415
0.949,1.911,0.4982
0.831,2.497,0.5346
0.738,1.332,0.6545
0.921,0.82,0.5523
0.816,1.634,0.8585
0.632,1.737,0.5692
0.826,1.707,0.8334
0.963,1.782,0.5113
0.759,2.856,0.5505
0.719,2.726,0.5877
0.657,2.652,0.5425
0.661,2.444,0.5896
0.773,2.842,0.4627
0.838,0.476,0.5458
0.632,0.942,0.3533
0.976,1.586,0.5655
0.902,2.57,0.3209
0.835,1.614,0.8413
0.931,2.294,0.485
0.632,0.589,0.2723
0.791,0.907,0.708
0.852,2.249,0.6492
0.931,0.661,0.6454
0.913,1.184,0.5869
0.711,0.942,0.4609
0.976,1.18,0.533
0.65,2.183,0.467
0.95,1.23,0.6329
0.988,1.755,0.4844
0.671,0.48,0.259
0.889,2.454,0.4396
0.616,1.236,0.3788
0.762,2.016,0.7669
0.807,2.231,0.6996
0.832,0.787,0.6688
0.974,2.677,0.1951
0.869,1.925,0.7414
0.793,1.4,0.8452
0.924,0.711,0.5561
0.98,2.838,0.2176
0.609,2.314,0.4808
0.993,0.782,0.555
0.634,1.146,0.4475
0.926,2.467,0.3312
0.712,2.148,0.6863
0.653,2.344,0.6052
0.776,1.435,0.7719
0.858,2.206,0.6213
0.752,1.282,0.7363
0.622,0.792,0.2442
0.84,1.971,0.8587
0.961,2.933,0.1235
0.753,1.07,0.7266
0.687,1.491,0.5987
0.777,2.087,0.6983
0.619,1.716,0.4941
0.928,2.562,0.364
0.931,2.333,0.4464
0.835,0.363,0.5925
0.741,2.996,0.6538
0.92,2.307,0.4478
0.822,2.619,0.4881
0.93,2.023,0.5197
0.853,2.598,0.466
0.914,0.515,0.6188
0.839,1.174,0.6952
0.766,2.654,0.6815
0.983,0.765,0.6061
0.816,0.419,0.427
0.842,2.407,0.5387
0.688,2.539,0.628
0.85,0.655,0.6588
0.829,2.592,0.4579
0.674,2.123,0.6477
0.624,1.656,0.39
0.842,2.525,0.5225
0.905,1.374,0.7225
0.809,0.743,0.5886
0.691,0.998,0.4225
0.867,1.614,0.7638
0.632,1.688,0.4788
0.777,2.456,0.6553
0.665,2.416,0.5406
0.674,1.828,0.5778
0.681,2.386,0.4977
0.755,0.737,0.554
0.62,0.34,0.1383
0.759,2.646,0.5084
0.805,0.412,0.5066
0.793,0.891,0.7137
0.753,2.147,0.7105
0.936,1.346,0.6092
0.658,2.654,0.5892
0.802,1.034,0.6634
0.625,0.233,0.2308
0.628,1.042,0.3332
0.83,1.819,0.8314
0.826,1.253,0.8281
0.951,1.698,0.5105
0.823,2.654,0.5369
0.984,2.755,0.178
0.619,0.945,0.2396
0.639,1.494,0.4758
0.618,1.738,0.4585
0.674,2.858,0.5444
0.817,2.996,0.3463
0.858,0.859,0.7136
0.618,2.236,0.6271
0.978,1.258,0.5716
0.937,0.223,0.64
0.719,0.226,0.2869
0.631,1.49,0.4405
0.668,1.567,0.5394
0.651,0.263,0.2151
0.649,2.123,0.5856
0.807,1.023,0.7181
0.698,1.768,0.7411
0.743,1.043,0.6657
0.996,0.668,0.5308
0.874,1.34,0.7033
0.98,0.85,0.5915
0.657,1.697,0.6191
0.753,0.757,0.5779
0.822,1.624,0.9267
0.631,0.641,0.3282
0.602,2.079,0.5384
0.868,2.311,0.5184
0.857,0.509,0.4966
0.764,1.51,0.7903
0.796,0.398,0.5201
0.766,1.875,0.8901
0.61,0.94,0.3113
0.734,1.677,0.8209
0.671,1.649,0.5843
0.639,2.788,0.6156
0.983,1.737,0.4793
0.84,1.832,0.6805
0.891,1.325,0.677
0.726,2.857,0.5859
0.757,2.376,0.6662
0.695,0.999,0.4493
0.639,2.564,0.4522
0.672,1.411,0.5425
0.919,2.52,0.3618
0.871,2.504,0.4343
0.819,0.729,0.6234
0.79,2.163,0.753
0.969,1.014,0.5879
0.629,1.033,0.2375
0.712,1.03,0.5001
0.74,2.232,0.6709
0.913,0.844,0.6365
0.997,0.203,0.6614
0.696,2.203,0.6624
0.95,0.679,0.556
0.932,0.493,0.5569
0.69,0.865,0.4135
0.76,1.264,0.7913
0.764,1.533,0.7651
0.991,0.325,0.6564
0.672,2.918,0.5785
0.92,2.205,0.4676
0.734,1.105,0.6135
0.892,1.092,0.6021
0.768,1.456,0.7757
0.831,1.953,0.7458
0.933,0.61,0.4586
0.922,0.729,0.5794
0.947,2.606,0.3247
0.624,0.918,0.3404
0.877,1.265,0.6981
0.656,2.64,0.578
0.766,2.057,0.7288
0.819,1.157,0.7745
0.761,2.114,0.8141
0.808,0.255,0.5071
0.999,2.26,0.3014
0.654,1.564,0.5167
0.87,2.477,0.5285
0.758,2.873,0.4268
0.653,2.792,0.5652
0.663,2.746,0.603
0.98,1.634,0.5019
0.952,1.208,0.6025
0.963,1.502,0.5362
0.997,2.132,0.304
0.683,2.675,0.6003
0.742,0.78,0.491
0.868,2.771,0.3473
0.794,2.483,0.6076
0.767,2.941,0.4973
0.743,2.665,0.4771
0.838,0.984,0.7292
0.83,0.497,0.5844
0.665,0.514,0.2741
0.789,1.015,0.8261
0.821,1.92,0.7506
0.828,2.452,0.56
0.684,2.718,0.5503
0.897,1.947,0.6091
0.61,0.216,0.0808
0.742,0.722,0.4447
0.912,0.479,0.5418
0.826,1.217,0.7765
0.704,1.604,0.7455
0.878,0.322,0.6484
0.827,1.176,0.8367
0.918,0.702,0.5495
0.894,2.012,0.567
0.844,1.5,0.7957
0.795,1.587,0.9311
0.653,1.398,0.4998
0.705,2.877,0.4825
0.768,0.801,0.5684
0.84,1.647,0.8455
0.805,2.261,0.7171
0.715,1.759,0.7081
0.603,2.801,0.6427
0.798,1.258,0.6801
0.714,1.498,0.703
0.894,0.448,0.605
0.61,1.905,0.4595
0.834,1.007,0.6734
0.977,0.649,0.4795
0.67,1.725,0.6808
0.789,1.69,0.8009
0.637,0.412,0.2066
0.85,2.155,0.6901
0.82,1.947,0.8546
0.763,0.729,0.5488
0.809,1.514,0.8112
0.959,2.217,0.3777
0.679,1.682,0.6847
0.609,1.307,0.3776
0.945,1.103,0.535
0.831,1.909,0.6981
0.956,2.83,0.1356
0.839,2.081,0.7521
0.924,0.409,0.5524
0.772,1.49,0.7873
0.9,2.694,0.3138
0.965,0.464,0.5875
0.829,2.969,0.3871
0.672,2.857,0.5549
0.708,0.419,0.4054
0.679,2.814,0.6433
0.699,1.217,0.5094
0.723,2.565,0.6092
0.822,1.371,0.7769
0.835,1.434,0.7994
0.771,1.976,0.7963
0.846,2.369,0.5718
0.633,0.295,0.1684
0.635,1.861,0.5701
0.669,0.723,0.3663
0.807,1.169,0.7385
0.686,1.174,0.5091
0.713,1.513,0.6251
0.76,1.136,0.6698
0.925,0.501,0.671
0.606,0.608,0.1511
0.86,0.294,0.4605
0.868,1.517,0.7746
0.919,2.872,0.2515
0.973,0.524,0.5721
0.608,2.85,0.6815
0.662,2.253,0.6161
0.954,1.985,0.4175
0.783,2.007,0.7569
0.826,2.515,0.5309
0.865,0.499,0.6067
0.872,1.613,0.7291
0.973,2.152,0.2661
0.999,1.843,0.3812
0.888,2.532,0.3542
0.715,0.402,0.4568
0.952,2.134,0.3607
0.62,1.695,0.4781
0.692,1.262,0.5978
0.959,1.153,0.5453
0.702,1.938,0.6654
0.688,2.695,0.5925
0.655,1.589,0.625
0.944,2.509,0.3524
0.8,1.326,0.8854
0.87,0.487,0.509
0.696,0.372,0.3156
0.903,0.344,0.563
0.904,1.264,0.6837
0.725,1.144,0.7078
0.764,2.21,0.698
0.684,2.28,0.5927
0.991,0.342,0.6376
0.858,0.819,0.5564
0.974,0.968,0.5407
0.721,1.733,0.7262
0.913,0.605,0.5346
0.906,0.575,0.6315
0.877,2.843,0.2967
0.986,2.452,0.2375
0.757,0.706,0.5525
0.652,1.338,0.5601
0.869,1.196,0.7266
0.892,2.415,0.513
0.83,1.629,0.8576
0.683,0.558,0.3358
0.802,2.269,0.6274
0.725,1.311,0.616
0.771,0.936,0.6594
0.858,1.251,0.7267
0.898,1.594,0.7232
0.693,1.161,0.5944
0.762,0.877,0.6067
0.708,1.316,0.5843
0.679,0.254,0.2611
0.913,2.363,0.3812
0.964,0.679,0.5342
0.748,0.323,0.3365
0.901,2.03,0.5712
0.959,2.367,0.3827
0.938,2.479,0.3346
0.673,1.582,0.5723
0.983,0.775,0.4858
0.751,2.264,0.7127
0.736,2.159,0.6612
0.625,0.89,0.3121
0.794,2.73,0.4983
0.644,0.492,0.2716
0.699,2.952,0.5392
0.727,2.609,0.5808
0.924,2.126,0.5092
0.95,2.828,0.3144
0.721,2.222,0.7128
0.943,0.733,0.5737
0.943,1.438,0.5735
0.906,0.4,0.5346
0.659,1.291,0.45
0.876,2.276,0.5278
0.978,1.282,0.4817
0.873,1.125,0.7398
0.733,1.867,0.6957
0.8,2.642,0.6063
0.858,0.333,0.5639
0.804,1.279,0.8022
0.648,0.643,0.2817
0.725,2.147,0.6613
0.921,0.496,0.5853
0.945,2.061,0.503
0.655,1.001,0.3715
0.981,0.757,0.4873
0.732,2.822,0.576
0.865,0.252,0.5347
0.901,1.426,0.6223
0.925,0.261,0.5291
0.978,1.554,0.4387
0.725,1.603,0.7016
0.943,1.101,0.5687
0.653,0.57,0.2565
0.882,1.254,0.6788
0.897,2.082,0.534
0.871,2.391,0.5111
0.701,1.686,0.6887
0.949,1.852,0.4747
0.668,0.762,0.4195
0.621,1.005,0.3571
0.887,0.653,0.5144
0.79,0.898,0.6884
0.94,0.83,0.6137
0.753,1.654,0.7783
0.667,1.776,0.5236
0.935,2.846,0.2348
0.82,0.748,0.6231
0.676,1.997,0.5644
0.888,2.488,0.3742
0.804,1.769,0.8246
0.842,0.914,0.6703
0.784,0.935,0.6501
0.931,0.31,0.5665
0.932,1.055,0.5465
0.884,2.285,0.5121
0.642,0.333,0.211
0.936,0.814,0.5682
0.868,2.177,0.5276
0.879,2.391,0.4812
0.745,1.475,0.7167
0.952,2.155,0.417
0.89,1.286,0.7138
0.645,0.648,0.1938
0.763,1.315,0.8103
0.955,1.824,0.4274
0.619,2.855,0.6812
0.985,0.393,0.5977
0.872,1.621,0.6813
0.853,1.121,0.6764
0.708,1.623,0.7131
0.7,0.267,0.2585
0.977,1.076,0.5369
0.719,2.496,0.6876
0.91,1.751,0.5852
0.757,1.462,0.7949
0.656,0.999,0.4794
0.604,1.035,0.3199
0.818,1.273,0.7178
0.99,2.54,0.2379
0.748,2.908,0.4555
0.743,1.428,0.8282
0.738,1.301,0.6759
0.808,2.57,0.7061
0.776,1.395,0.8821
0.952,1.746,0.4664
0.802,0.847,0.6527
0.803,2.282,0.7139
0.655,1.69,0.6012
0.993,2.465,0.2503
0.7,2.386,0.6781
0.629,0.802,0.2837
0.865,2.204,0.5905
0.838,2.44,0.5498
0.766,1.169,0.7771
0.769,0.683,0.5658
0.914,0.207,0.5712
0.678,1.463,0.6298
0.928,1.187,0.5099
0.859,1.754,0.7711
0.768,0.727,0.5739
0.783,2.607,0.6505
0.703,0.922,0.4258
0.901,0.834,0.6958
0.805,1.546,0.8445
0.728,1.597,0.7698
0.838,0.802,0.73
0.998,0.961,0.5651
0.774,0.675,0.5721
0.968,2.212,0.361
0.738,2.356,0.6263
0.622,1.495,0.4526
0.682,2.199,0.5823
0.767,2.261,0.6911
0.688,0.587,0.2329
0.6,2.905,0.6473
0.966,2.499,0.264
0.938,0.773,0.5657
0.897,0.721,0.6132
0.667,0.552,0.2226
0.648,0.587,0.3625
0.627,2.295,0.5521
0.89,1.515,0.6976
0.972,2.392,0.2414
0.772,2.29,0.6852
0.648,1.893,0.6323
0.805,2.122,0.7874
0.74,0.251,0.3928
0.75,1.073,0.6981
0.849,1.986,0.7043
0.887,0.226,0.4621
0.644,0.292,0.1677
0.614,2.585,0.5653
0.998,2.115,0.3688
0.693,0.943,0.5011
0.622,2.126,0.6212
0.676,2.419,0.6523
0.616,1.059,0.3118
0.757,0.301,0.3042
0.921,2.812,0.3404
0.736,1.167,0.7424
0.778,0.498,0.4221
0.87,1.577,0.8261
0.804,2.352,0.6671
0.945,0.821,0.5873
0.946,0.955,0.6608
0.604,0.88,0.3306
0.911,2.977,0.2786
0.784,0.753,0.6205
0.996,1.811,0.4279
0.793,2.791,0.4784
0.995,0.611,0.5767
0.902,2.918,0.2341
0.699,2.853,0.5374
0.815,2.677,0.4907
0.997,0.801,0.5251
0.943,1.975,0.483
0.639,2.33,0.5509
0.883,2.961,0.3306
0.738,0.705,0.4199
0.603,2.345,0.5447
0.761,1.149,0.726
0.694,0.692,0.3833
0.928,1.38,0.6045
0.735,2.423,0.5514
0.931,1.502,0.6147
0.6,1.705,0.4883
0.723,2.986,0.5491
0.696,1.318,0.663
0.693,1.923,0.6713
0.627,1.223,0.427
0.675,1.3,0.5524
0.822,2.148,0.7435
0.717,2.826,0.469
0.767,1.719,0.7733
0.751,2.352,0.7379
0.95,0.45,0.4548
0.962,0.791,0.5618
0.797,1.606,0.9008
0.732,0.256,0.3328
0.643,0.908,0.3295
0.981,1.649,0.4652
0.624,0.242,0.1107
0.719,0.941,0.5521
0.719,1.639,0.6911
0.728,1.805,0.8014
0.666,2.792,0.6439
0.913,2.007,0.5426
0.649,1.361,0.4194
0.854,2.805,0.3779
0.65,2.398,0.5659
0.628,0.76,0.3008
0.964,0.566,0.5266
0.676,2.092,0.5786
0.929,1.768,0.5905
0.818,2.411,0.6559
0.631,2.269,0.5276
0.982,1.951,0.3225
0.699,2.962,0.7118
0.944,1.694,0.5763
0.668,0.517,0.2714
0.942,2.519,0.359
0.605,0.905,0.2664
0.805,2.376,0.6805
0.908,2.88,0.2861
0.974,2.151,0.3583
0.964,1.869,0.4449
0.928,1.489,0.5334
0.955,1.22,0.6596
0.68,1.188,0.4809
0.714,1.982,0.6303
0.716,2.304,0.6344
0.751,2.1,0.6838
0.757,0.756,0.5551
0.818,1.583,0.8703
0.664,2.417,0.634
0.876,1.532,0.7782
0.667,1.703,0.5769
0.724,2.359,0.6428
0.801,2.052,0.7821
0.919,1.346,0.547
0.896,2.707,0.3829
0.858,0.655,0.5267
0.662,2.987,0.6797
0.819,0.533,0.5281
0.635,0.242,0.1388
0.751,2.692,0.5204
0.765,0.886,0.5933
0.616,2.243,0.6599
0.71,2.471,0.6543
0.982,2.605,0.1312
0.981,2.976,0.1895
0.741,1.023,0.6929
0.617,2.189,0.5277
0.672,0.523,0.3107
0.757,1.339,0.7666
0.979,2.574,0.3223
0.656,1.229,0.4361
0.905,1.855,0.6195
0.643,1.611,0.5014
0.993,2.009,0.2821
0.753,2.924,0.6165
0.91,0.356,0.5004
0.737,1.807,0.7747
0.851,2.616,0.3877
0.677,1.548,0.5799
0.658,0.42,0.2597
0.975,1.77,0.4053
0.967,1.13,0.579
0.955,0.634,0.5612
0.85,2.577,0.5497
0.923,1.66,0.6667
0.628,2.813,0.5634
0.734,2.457,0.6254
0.725,2.14,0.7008
0.854,0.214,0.534
0.742,1.398,0.7514
0.659,0.753,0.3495
0.839,2.75,0.4365
0.926,0.689,0.5898
0.753,1.001,0.7142
0.653,1.647,0.5831
0.679,0.937,0.4816
0.695,0.788,0.4715
0.72,1.877,0.7149
0.857,0.449,0.5647
0.84,0.363,0.4639
0.878,1.242,0.7806
0.745,2.218,0.5548
0.93,1.753,0.5603
0.682,1.384,0.6409
0.788,1.784,0.7587
0.92,1.223,0.6493
0.672,2.821,0.5351
0.644,0.354,0.1744
0.953,2.085,0.4667
0.737,2.696,0.5731
0.874,2.451,0.3916
0.61,0.715,0.1795
0.876,1.029,0.7319
0.726,2.208,0.7005
0.622,0.436,0.2621
0.844,2.473,0.6283
0.696,2.213,0.6202
0.755,2.243,0.8195
0.632,0.481,0.2059
0.659,2.21,0.5383
0.719,2.103,0.6577
0.636,2.527,0.4592
0.964,0.316,0.6738
0.602,0.265,0.1761
0.794,1.244,0.737
0.649,0.617,0.2652
0.723,1.763,0.7412
0.97,2.769,0.1383
0.665,1.296,0.4272
0.986,2.566,0.2019
0.682,0.201,0.2116
0.897,0.672,0.5748
0.819,0.285,0.49
0.954,1.119,0.6405
0.822,2.743,0.4624
0.814,0.471,0.5332
0.678,1.898,0.6642
0.666,1.464,0.585
0.967,2.828,0.1472
0.731,0.543,0.4311
0.749,0.794,0.5851
0.904,0.283,0.4949
0.736,1.415,0.8017
0.981,0.978,0.6181
0.895,2.636,0.343
0.839,1.894,0.7762
0.952,1.919,0.4985
0.62,1.689,0.4581
0.703,0.457,0.3641
0.786,1.446,0.8342
0.691,2.999,0.4786
0.898,2.539,0.4307
0.968,2.702,0.1544
0.77,2.505,0.6559
0.737,0.489,0.3846
0.985,0.837,0.5482
0.778,0.209,0.4731
0.796,1.05,0.7505
0.741,0.504,0.3767
0.964,1.524,0.4653
0.828,2.096,0.6909
0.905,2.649,0.3739
0.925,2.298,0.4441
0.737,2.828,0.4942
0.773,0.351,0.3777
0.939,0.234,0.5922
0.745,2.052,0.7286
0.918,1.01,0.7284
0.976,0.91,0.5565
0.849,1.126,0.8297
0.897,0.955,0.5833
0.922,1.632,0.5271
0.938,1.432,0.5291
0.758,1.635,0.8673
0.621,2.084,0.6235
0.761,1.284,0.7209
0.87,0.904,0.6377
0.78,0.665,0.4979
0.9,1.179,0.5772
0.743,2.277,0.712
0.854,2.319,0.5991
0.675,2.067,0.6164
0.9,0.855,0.5519
0.818,1.847,0.888
0.682,1.798,0.6095
0.717,1.556,0.7388
0.899,1.74,0.5802
0.793,1.577,0.8312
0.686,1.783,0.6609
0.987,2.203,0.329
0.886,0.507,0.5764
0.983,2.299,0.3186
0.771,0.58,0.4538
0.79,0.387,0.481
0.959,2.933,0.1707
0.81,2.88,0.4633
0.883,0.369,0.5508
0.701,1.441,0.5867
0.779,0.721,0.5108
0.649,1.559,0.4178
0.682,2.524,0.6274
0.6,2.862,0.6605
0.616,1.976,0.5606
0.991,1.191,0.5298
0.697,1.889,0.5636
0.865,1.074,0.6554
0.936,2.748,0.2681
0.82,2.637,0.5236
0.661,1.763,0.572
0.891,1.109,0.6931
0.84,1.021,0.7174
0.893,0.294,0.5506
0.908,2.484,0.371
0.99,1.461,0.5257
0.829,1.11,0.7281
0.737,1.519,0.6906
0.859,2.492,0.4684
0.627,0.549,0.1967
0.959,2.601,0.3044
0.648,2.713,0.5757
0.731,2.851,0.5268
0.926,1.313,0.555
0.839,0.808,0.6872
